x_km,y_km
5.599,51.497
5.658,51.498
5.54,51.397
5.6,51.397
5.481,51.296
5.541,51.297
5.423,51.195
5.482,51.196
5.364,51.095
5.423,51.096
15.487,51.203
5.305,50.994
5.364,50.995
15.428,51.102
15.488,51.103
5.246,50.894
5.305,50.894
15.37,51.002
15.429,51.002
15.488,51.003
5.187,50.793
5.247,50.794
5.306,50.794
15.311,50.901
15.37,50.902
15.429,50.902
15.488,50.903
5.129,50.692
5.188,50.693
5.247,50.694
15.311,50.801
15.37,50.802
15.43,50.802
15.489,50.803
5.129,50.592
5.188,50.593
15.312,50.701
5.129,50.492
5.188,50.493
5.07,50.392
5.13,50.392
4.952,50.291
5.012,50.291
5.071,50.292
4.894,50.19
4.953,50.191
5.012,50.191
5.071,50.192
15.195,50.3
4.539,50.086
4.598,50.087
4.657,50.087
4.716,50.088
4.776,50.089
4.835,50.089
4.894,50.09
4.953,50.091
15.195,50.2
4.539,49.986
4.598,49.987
4.658,49.987
4.717,49.988
4.776,49.989
4.835,49.989
15.195,50.1
15.331,45.502
12.614,43.773
12.555,43.672
12.615,43.673
12.674,43.674
12.733,43.674
12.792,43.675
12.851,43.676
12.911,43.676
12.97,43.677
13.029,43.677
13.088,43.678
12.615,43.573
12.674,43.574
12.733,43.574
12.792,43.575
12.852,43.576
12.911,43.576
12.97,43.577
13.029,43.577
13.088,43.578
13.148,43.579
13.207,43.579
13.266,43.58
13.325,43.581
13.384,43.581
13.444,43.582
13.503,43.583
13.444,43.482
15.517,43.304
15.576,43.305
15.458,43.203
15.517,43.204
15.576,43.205
15.636,43.205
15.695,43.206
11.018,43.056
11.078,43.057
11.137,43.057
15.518,43.104
15.577,43.105
15.636,43.105
15.695,43.106
15.754,43.107
10.959,42.955
11.019,42.956
11.078,42.957
11.137,42.957
11.196,42.958
15.518,43.004
15.577,43.005
15.636,43.005
15.696,43.006
15.755,43.007
15.814,43.007
10.841,42.854
10.901,42.855
10.96,42.855
11.019,42.856
11.078,42.857
11.137,42.857
15.518,42.904
15.578,42.905
15.637,42.905
15.696,42.906
15.755,42.907
15.814,42.907
15.874,42.908
10.783,42.754
10.842,42.754
10.901,42.755
10.96,42.755
11.019,42.756
11.079,42.757
15.637,42.805
15.696,42.806
15.756,42.807
15.815,42.807
15.874,42.808
15.933,42.809
16.052,42.81
10.783,42.654
10.842,42.654
10.901,42.655
10.961,42.655
11.02,42.656
11.079,42.657
15.697,42.706
15.756,42.707
15.815,42.707
15.874,42.708
15.934,42.709
15.993,42.709
16.052,42.71
16.111,42.71
16.17,42.711
10.783,42.554
10.843,42.554
10.902,42.555
10.961,42.555
11.02,42.556
15.875,42.608
15.934,42.609
15.993,42.609
16.052,42.61
16.112,42.61
16.171,42.611
16.23,42.612
16.289,42.612
10.784,42.454
10.843,42.454
10.902,42.455
10.961,42.455
16.23,42.512
16.289,42.512
16.349,42.513
10.725,42.353
10.784,42.354
10.843,42.354
10.903,42.355
10.962,42.355
10.666,42.252
10.725,42.253
10.785,42.254
10.844,42.254
10.903,42.255
10.37,42.149
10.43,42.15
10.489,42.15
10.548,42.151
10.607,42.152
10.666,42.152
10.726,42.153
10.785,42.154
10.844,42.154
8.121,42.025
8.18,42.026
10.193,42.047
10.252,42.048
10.312,42.049
10.371,42.049
10.43,42.05
10.489,42.05
10.548,42.051
10.608,42.052
10.667,42.052
10.726,42.053
10.785,42.054
8.062,41.925
8.122,41.925
8.181,41.926
8.24,41.926
8.299,41.927
10.134,41.947
10.194,41.947
10.253,41.948
10.312,41.949
10.371,41.949
10.43,41.95
10.49,41.95
10.549,41.951
10.608,41.952
10.667,41.952
10.726,41.953
8.122,41.825
8.181,41.826
8.24,41.826
8.3,41.827
8.359,41.828
8.418,41.828
10.076,41.846
10.135,41.847
10.194,41.847
10.253,41.848
10.312,41.849
10.372,41.849
10.431,41.85
10.49,41.851
10.549,41.851
10.608,41.852
10.668,41.852
8.182,41.726
8.241,41.726
8.3,41.727
8.359,41.728
8.418,41.728
8.478,41.729
8.537,41.73
9.958,41.745
10.017,41.745
10.076,41.746
10.135,41.747
10.194,41.747
10.254,41.748
10.313,41.749
10.372,41.749
10.431,41.75
10.49,41.751
10.55,41.751
10.609,41.752
8.3,41.627
8.359,41.628
8.419,41.628
8.478,41.629
8.537,41.63
8.596,41.63
8.655,41.631
8.715,41.632
9.662,41.642
9.721,41.642
9.78,41.643
9.84,41.644
9.899,41.644
9.958,41.645
10.017,41.645
10.076,41.646
10.136,41.647
10.195,41.647
10.254,41.648
10.313,41.649
10.372,41.649
10.432,41.65
10.491,41.651
8.301,41.527
8.36,41.528
8.419,41.528
8.478,41.529
8.537,41.53
8.597,41.53
8.656,41.531
8.715,41.532
8.774,41.532
8.833,41.533
8.893,41.533
9.307,41.538
9.366,41.539
9.425,41.539
9.485,41.54
9.544,41.54
9.603,41.541
9.662,41.542
9.721,41.542
9.781,41.543
9.84,41.544
9.899,41.544
9.958,41.545
10.018,41.545
10.077,41.546
10.136,41.547
10.195,41.547
10.254,41.548
10.314,41.549
10.373,41.549
10.432,41.55
8.36,41.428
8.419,41.428
8.479,41.429
8.538,41.43
8.597,41.43
8.656,41.431
8.715,41.432
8.775,41.432
8.834,41.433
8.893,41.433
8.952,41.434
9.248,41.437
9.307,41.438
9.367,41.439
9.426,41.439
9.485,41.44
9.544,41.44
9.603,41.441
9.663,41.442
9.722,41.442
9.781,41.443
9.84,41.444
9.899,41.444
9.959,41.445
10.018,41.445
10.077,41.446
10.136,41.447
10.195,41.447
10.255,41.448
10.314,41.449
10.373,41.449
8.361,41.328
8.42,41.328
8.479,41.329
8.538,41.33
8.597,41.33
8.657,41.331
8.716,41.332
8.775,41.332
8.834,41.333
8.893,41.333
8.953,41.334
9.012,41.335
9.071,41.335
9.13,41.336
9.189,41.337
9.249,41.337
9.308,41.338
9.367,41.339
9.426,41.339
9.485,41.34
9.545,41.34
9.604,41.341
9.663,41.342
9.722,41.342
9.781,41.343
9.841,41.344
9.9,41.344
9.959,41.345
10.018,41.346
10.077,41.346
10.137,41.347
10.196,41.347
10.255,41.348
10.314,41.349
8.302,41.227
8.361,41.228
8.42,41.228
8.479,41.229
8.539,41.23
8.598,41.23
8.657,41.231
8.716,41.232
8.775,41.232
8.835,41.233
8.894,41.234
8.953,41.234
9.012,41.235
9.071,41.235
9.131,41.236
9.19,41.237
9.249,41.237
9.308,41.238
9.367,41.239
9.427,41.239
9.486,41.24
9.545,41.24
9.604,41.241
9.663,41.242
9.723,41.242
9.782,41.243
9.841,41.244
9.9,41.244
9.959,41.245
10.019,41.246
10.078,41.246
10.137,41.247
10.196,41.247
10.255,41.248
8.302,41.127
8.361,41.128
8.421,41.128
8.48,41.129
8.539,41.13
8.598,41.13
8.657,41.131
8.717,41.132
8.776,41.132
8.835,41.133
8.894,41.134
8.953,41.134
9.013,41.135
9.072,41.135
9.131,41.136
9.19,41.137
9.249,41.137
9.309,41.138
9.368,41.139
9.427,41.139
9.486,41.14
9.545,41.14
9.605,41.141
9.664,41.142
9.723,41.142
9.782,41.143
9.841,41.144
9.901,41.144
9.96,41.145
10.019,41.146
10.078,41.146
10.137,41.147
8.362,41.028
8.421,41.028
8.48,41.029
8.539,41.03
8.599,41.03
8.658,41.031
8.717,41.032
8.776,41.032
8.835,41.033
8.895,41.034
8.954,41.034
9.013,41.035
9.072,41.035
9.131,41.036
9.191,41.037
9.25,41.037
9.309,41.038
9.368,41.039
9.427,41.039
9.487,41.04
9.546,41.04
9.605,41.041
9.664,41.042
9.723,41.042
9.783,41.043
9.842,41.044
9.901,41.044
9.96,41.045
10.019,41.046
10.079,41.046
8.481,40.929
8.54,40.93
8.599,40.93
8.658,40.931
8.717,40.932
8.777,40.932
8.836,40.933
8.895,40.934
8.954,40.934
9.013,40.935
9.073,40.935
9.132,40.936
9.191,40.937
9.25,40.937
9.309,40.938
9.369,40.939
9.428,40.939
9.487,40.94
9.546,40.941
9.605,40.941
9.665,40.942
9.724,40.942
9.783,40.943
9.842,40.944
9.901,40.944
9.961,40.945
10.02,40.946
8.599,40.83
8.658,40.831
8.718,40.832
8.777,40.832
8.836,40.833
8.895,40.834
8.954,40.834
9.014,40.835
9.073,40.835
9.132,40.836
9.191,40.837
9.251,40.837
9.31,40.838
9.369,40.839
9.428,40.839
9.487,40.84
9.547,40.841
9.606,40.841
9.665,40.842
9.724,40.842
9.783,40.843
8.659,40.731
8.718,40.732
8.777,40.732
8.836,40.733
8.896,40.734
8.955,40.734
9.014,40.735
9.073,40.735
9.132,40.736
9.192,40.737
9.251,40.737
9.31,40.738
9.369,40.739
9.428,40.739
9.488,40.74
9.547,40.741
9.606,40.741
9.665,40.742
9.724,40.742
8.718,40.632
8.778,40.632
8.837,40.633
8.896,40.634
8.955,40.634
9.014,40.635
9.074,40.635
9.133,40.636
9.192,40.637
9.251,40.637
9.31,40.638
8.778,40.532
8.837,40.533
8.896,40.534
8.956,40.534
9.015,40.535
9.074,40.536
9.133,40.536
9.192,40.537
9.252,40.537
8.956,40.434
9.015,40.435
9.074,40.436
9.134,40.436
3.585,35.977
3.644,35.978
3.704,35.979
3.586,35.877
3.645,35.878
2.41,33.665
2.351,33.564
2.41,33.565
2.351,33.464
2.41,33.465
2.47,33.466
4.364,33.486
4.423,33.486
4.601,33.488
2.411,33.365
2.47,33.366
2.529,33.366
2.588,33.367
4.305,33.385
4.364,33.386
4.424,33.387
4.601,33.388
4.66,33.389
2.411,33.265
2.47,33.266
2.53,33.266
2.589,33.267
2.648,33.268
2.707,33.268
4.246,33.285
4.306,33.285
4.365,33.286
4.424,33.287
4.542,33.288
4.602,33.288
4.661,33.289
2.412,33.165
2.471,33.166
2.648,33.168
2.708,33.168
2.767,33.169
3.832,33.18
3.892,33.181
4.188,33.184
4.247,33.185
4.306,33.185
4.365,33.186
4.424,33.187
4.484,33.187
4.543,33.188
4.602,33.188
4.661,33.189
2.412,33.065
2.471,33.066
2.649,33.068
3.774,33.08
3.833,33.08
3.892,33.081
3.951,33.081
4.129,33.083
4.188,33.084
4.247,33.085
4.306,33.085
4.366,33.086
4.543,33.088
4.602,33.088
4.662,33.089
2.412,32.965
2.472,32.966
3.833,32.98
3.892,32.981
4.188,32.984
4.248,32.985
4.307,32.985
2.413,32.865
2.472,32.866
2.413,32.765
2.472,32.766
2.354,32.664
2.413,32.665
2.473,32.666
2.828,32.67
2.887,32.67
2.355,32.564
2.414,32.565
2.828,32.57
2.887,32.57
2.355,32.464
2.414,32.465
2.829,32.47
2.888,32.47
2.355,32.365
2.415,32.365
2.829,32.37
2.888,32.37
2.947,32.371
2.356,32.265
2.77,32.269
2.829,32.27
2.889,32.27
2.297,32.164
2.356,32.165
2.711,32.168
2.771,32.169
2.83,32.17
2.889,32.17
2.238,32.063
2.297,32.064
2.357,32.065
2.653,32.068
2.712,32.068
2.771,32.069
2.83,32.07
2.889,32.07
2.238,31.963
2.298,31.964
2.653,31.968
2.712,31.968
2.771,31.969
2.83,31.97
2.18,31.863
2.239,31.863
2.298,31.864
2.594,31.867
2.653,31.868
2.712,31.868
2.772,31.869
2.831,31.87
2.89,31.87
2.121,31.762
2.18,31.763
2.594,31.767
2.654,31.768
2.713,31.768
2.772,31.769
2.831,31.77
2.89,31.77
1.944,31.66
2.003,31.661
2.062,31.661
2.121,31.662
2.536,31.666
2.595,31.667
2.654,31.668
2.713,31.668
2.772,31.669
2.832,31.67
1.944,31.56
2.003,31.561
2.062,31.561
2.477,31.566
2.536,31.567
2.595,31.567
2.654,31.568
2.714,31.568
2.773,31.569
1.826,31.459
1.885,31.46
1.944,31.46
2.004,31.461
2.477,31.466
2.536,31.467
2.596,31.467
2.655,31.468
2.714,31.468
1.767,31.358
1.826,31.359
2.418,31.365
2.478,31.366
2.537,31.367
2.596,31.367
2.655,31.368
1.767,31.258
2.36,31.265
2.419,31.265
2.478,31.266
2.537,31.267
2.596,31.267
2.36,31.165
2.419,31.165
2.478,31.166
2.537,31.167
2.597,31.167
1.295,31.053
1.354,31.054
2.36,31.065
2.419,31.065
2.479,31.066
2.538,31.067
1.177,30.952
1.236,30.953
1.295,30.953
2.42,30.965
2.479,30.966
1.118,30.851
1.177,30.852
1.236,30.853
1.059,30.751
1.118,30.751
1.177,30.752
1.0,30.65
1.059,30.651
2.066,30.662
0.941,30.55
1.0,30.55
2.007,30.561
2.066,30.562
2.125,30.562
0.882,30.449
0.942,30.45
1.001,30.45
2.066,30.462
0.824,30.348
0.883,30.349
0.942,30.35
1.001,30.35
1.06,30.351
0.765,30.248
0.824,30.248
0.883,30.249
0.942,30.25
2.008,30.261
2.067,30.262
0.706,30.147
0.765,30.148
1.949,30.16
2.008,30.161
0.706,30.047
0.766,30.048
1.89,30.06
1.95,30.06
1.832,29.959
1.891,29.96
1.654,29.857
1.714,29.858
1.773,29.859
1.832,29.859
1.655,29.757
1.714,29.758
1.832,29.759
1.655,29.657
1.833,29.659
1.892,29.66
1.655,29.557
1.715,29.558
1.892,29.56
1.656,29.457
1.715,29.458
1.479,29.355
1.538,29.356
1.597,29.357
1.656,29.357
1.715,29.358
1.479,29.255
1.538,29.256
1.597,29.257
1.716,29.258
1.775,29.259
6.274,29.307
6.333,29.307
6.393,29.308
6.452,29.309
6.215,29.206
6.275,29.207
6.334,29.207
6.393,29.208
6.452,29.209
6.511,29.209
2.131,29.062
2.19,29.063
6.216,29.106
6.275,29.107
6.453,29.109
6.512,29.109
2.191,28.963
2.25,28.964
6.157,29.005
6.216,29.006
6.571,29.01
6.631,29.01
6.69,29.011
2.25,28.864
3.612,28.878
3.671,28.879
3.73,28.88
3.789,28.88
3.849,28.881
3.908,28.881
3.967,28.882
4.026,28.883
4.085,28.883
4.145,28.884
4.204,28.885
4.263,28.885
4.322,28.886
4.381,28.886
4.441,28.887
4.5,28.888
4.559,28.888
4.618,28.889
6.098,28.905
6.157,28.905
6.631,28.911
6.69,28.911
2.25,28.764
3.73,28.78
3.79,28.78
3.849,28.781
3.908,28.781
3.967,28.782
4.027,28.783
4.086,28.783
4.145,28.784
4.204,28.785
4.263,28.785
4.323,28.786
4.382,28.786
4.441,28.787
4.5,28.788
4.559,28.788
4.619,28.789
4.678,28.79
4.737,28.79
4.796,28.791
4.855,28.792
4.915,28.792
5.151,28.795
6.039,28.804
6.099,28.805
6.691,28.811
6.75,28.812
6.809,28.812
2.251,28.664
2.31,28.664
4.974,28.693
5.033,28.693
5.093,28.694
5.152,28.695
5.211,28.695
5.27,28.696
5.329,28.697
5.389,28.697
5.448,28.698
5.507,28.699
5.566,28.699
5.625,28.7
5.685,28.7
5.744,28.701
5.803,28.702
5.921,28.703
5.981,28.704
6.04,28.704
6.809,28.712
6.869,28.713
6.928,28.714
6.987,28.714
7.046,28.715
7.105,28.716
7.165,28.716
7.224,28.717
7.283,28.717
7.342,28.718
7.401,28.719
7.461,28.719
7.52,28.72
7.579,28.721
2.251,28.564
2.31,28.564
5.507,28.599
5.566,28.599
5.626,28.6
5.685,28.6
5.744,28.601
5.803,28.602
5.862,28.602
5.922,28.603
5.981,28.604
7.047,28.615
7.106,28.616
7.52,28.62
7.579,28.621
7.639,28.621
7.698,28.622
7.757,28.623
2.252,28.464
7.698,28.522
7.757,28.523
7.817,28.523
7.876,28.524
7.935,28.524
2.252,28.364
7.994,28.425
8.054,28.426
8.113,28.426
8.054,28.326
8.113,28.326
8.172,28.327
8.232,28.328
8.173,28.227
8.232,28.228
8.291,28.228
8.35,28.229
8.41,28.23
8.41,28.13
8.469,28.13
8.528,28.131
8.588,28.131
8.647,28.132
8.588,28.031
8.647,28.032
8.706,28.033
8.766,28.033
8.766,27.933
8.825,27.934
8.884,27.935
8.885,27.835
8.944,27.835
9.003,27.836
8.295,27.128
8.355,27.129
8.414,27.13
8.296,27.028
8.355,27.029
8.414,27.03
8.473,27.03
8.533,27.031
8.592,27.032
8.296,26.928
8.355,26.929
8.415,26.93
8.474,26.93
8.533,26.931
8.592,26.932
8.651,26.932
8.711,26.933
8.77,26.934
8.829,26.934
8.296,26.828
8.356,26.829
8.415,26.83
8.474,26.83
8.533,26.831
8.593,26.832
8.652,26.832
8.711,26.833
8.77,26.834
8.356,26.729
8.474,26.73
8.534,26.731
8.593,26.732
8.652,26.732
8.711,26.733
7.898,22.625
7.957,22.625
8.016,22.626
8.431,22.63
7.839,22.524
7.898,22.525
8.431,22.53
8.49,22.531
7.839,22.424
7.899,22.425
8.491,22.431
7.84,22.324
7.899,22.325
8.491,22.331
7.189,22.217
7.248,22.218
7.781,22.223
7.84,22.224
8.491,22.231
8.551,22.232
8.61,22.232
8.669,22.233
5.828,22.103
5.887,22.103
5.946,22.104
6.005,22.104
6.064,22.105
6.124,22.106
6.183,22.106
6.242,22.107
6.301,22.108
6.42,22.109
6.479,22.11
6.538,22.11
6.597,22.111
6.775,22.113
6.834,22.113
6.893,22.114
6.952,22.115
7.071,22.116
7.13,22.116
7.189,22.117
7.308,22.118
7.367,22.119
7.426,22.12
7.781,22.123
7.84,22.124
8.551,22.132
8.61,22.132
8.669,22.133
8.729,22.134
5.828,22.003
5.887,22.003
6.065,22.005
6.124,22.006
6.183,22.006
6.242,22.007
6.302,22.008
6.42,22.009
6.479,22.01
6.538,22.01
6.598,22.011
6.657,22.011
6.716,22.012
6.775,22.013
6.834,22.013
6.894,22.014
6.953,22.015
7.012,22.015
7.071,22.016
7.13,22.016
7.426,22.02
7.486,22.02
7.722,22.023
7.782,22.023
8.729,22.034
8.788,22.034
8.847,22.035
5.769,21.902
5.828,21.903
5.888,21.903
7.486,21.92
7.545,21.921
7.604,21.922
7.664,21.922
7.723,21.923
8.848,21.935
8.907,21.935
5.651,21.801
5.71,21.801
5.77,21.802
5.829,21.803
7.605,21.822
7.664,21.822
8.907,21.835
8.966,21.836
5.356,21.698
5.415,21.698
5.474,21.699
5.533,21.699
5.592,21.7
5.652,21.701
5.711,21.701
8.908,21.735
8.967,21.736
9.085,21.737
5.356,21.598
5.415,21.598
5.474,21.599
5.533,21.599
5.652,21.601
8.908,21.636
9.086,21.637
5.475,21.499
5.534,21.499
5.593,21.5
5.652,21.501
8.908,21.536
9.086,21.537
5.593,21.4
5.653,21.401
5.712,21.401
9.086,21.437
5.712,21.301
5.771,21.302
9.087,21.337
9.146,21.338
9.205,21.339
5.713,21.201
5.772,21.202
5.831,21.203
9.087,21.237
9.146,21.238
9.205,21.239
5.772,21.102
5.831,21.103
5.891,21.103
9.087,21.137
5.891,21.003
5.95,21.004
9.029,21.037
9.088,21.037
5.951,20.904
6.01,20.905
9.029,20.937
5.951,20.804
6.01,20.805
6.069,20.805
8.97,20.836
9.029,20.837
6.01,20.705
6.07,20.705
6.129,20.706
8.911,20.736
8.971,20.736
6.129,20.606
8.912,20.636
8.971,20.636
6.13,20.506
6.189,20.507
6.248,20.507
8.675,20.533
8.971,20.536
6.189,20.407
6.248,20.407
8.676,20.433
8.972,20.436
9.031,20.437
6.249,20.307
6.308,20.308
8.676,20.333
9.031,20.337
6.308,20.208
6.368,20.209
8.676,20.233
8.736,20.234
9.032,20.237
9.091,20.238
9.15,20.238
6.309,20.108
6.368,20.109
6.427,20.109
8.677,20.133
8.736,20.134
9.15,20.138
9.21,20.139
9.269,20.14
6.368,20.009
6.428,20.009
8.736,20.034
9.21,20.039
9.269,20.04
6.428,19.909
6.487,19.91
8.737,19.934
8.796,19.934
9.21,19.939
6.428,19.809
6.487,19.81
8.796,19.834
8.856,19.835
9.211,19.839
9.27,19.84
6.488,19.71
8.797,19.735
8.856,19.735
8.915,19.736
9.27,19.74
9.33,19.74
6.488,19.61
6.547,19.61
8.915,19.636
8.975,19.636
9.33,19.64
9.389,19.641
10.514,19.653
10.573,19.653
10.632,19.654
10.692,19.655
10.751,19.655
10.81,19.656
6.489,19.51
6.548,19.511
8.975,19.536
9.034,19.537
10.041,19.548
10.1,19.548
10.277,19.55
10.337,19.551
10.396,19.552
10.455,19.552
10.514,19.553
6.548,19.411
6.607,19.411
9.035,19.437
10.1,19.448
10.159,19.449
10.219,19.45
10.278,19.45
10.337,19.451
6.549,19.311
6.608,19.311
9.035,19.337
6.549,19.211
6.608,19.211
9.035,19.237
9.095,19.238
10.515,19.253
6.549,19.111
6.608,19.111
9.036,19.137
9.095,19.138
10.516,19.153
10.575,19.154
6.55,19.011
6.609,19.011
9.095,19.038
10.575,19.054
10.635,19.054
6.55,18.911
6.609,18.911
9.096,18.938
10.576,18.954
10.635,18.954
6.55,18.811
6.61,18.811
9.096,18.838
10.635,18.854
6.551,18.711
6.61,18.711
10.636,18.754
10.695,18.755
6.492,18.61
6.551,18.611
6.61,18.611
9.156,18.638
10.695,18.655
6.552,18.511
6.611,18.511
9.097,18.538
9.156,18.538
10.696,18.555
6.552,18.411
6.611,18.411
9.098,18.438
9.157,18.438
10.696,18.455
6.611,18.311
9.098,18.338
9.157,18.338
10.696,18.355
8.98,18.237
9.039,18.237
9.098,18.238
10.638,18.254
10.697,18.255
8.921,18.136
8.98,18.137
9.039,18.137
10.697,18.155
10.756,18.156
10.816,18.156
8.921,18.036
8.981,18.037
10.816,18.056
10.875,18.057
8.922,17.936
8.981,17.937
10.875,17.957
10.935,17.958
8.922,17.836
8.981,17.837
10.935,17.858
10.994,17.858
11.053,17.859
11.113,17.859
8.982,17.737
9.041,17.737
11.054,17.759
11.113,17.759
8.923,17.636
8.982,17.637
9.041,17.637
11.054,17.659
11.113,17.659
8.864,17.535
8.923,17.536
11.055,17.559
11.114,17.559
8.865,17.435
8.924,17.436
11.055,17.459
11.114,17.459
11.173,17.46
8.865,17.335
11.174,17.36
8.806,17.235
8.865,17.235
11.174,17.26
11.233,17.261
8.806,17.135
8.866,17.135
11.234,17.161
11.293,17.161
8.866,17.035
8.925,17.036
8.984,17.037
11.234,17.061
11.293,17.061
8.985,16.937
9.044,16.937
11.294,16.961
8.985,16.837
9.044,16.837
9.045,16.737
9.045,16.637
8.986,16.537
9.045,16.537
8.987,16.437
9.046,16.437
8.987,16.337
9.046,16.337
9.047,16.238
8.988,16.137
9.047,16.138
8.929,16.036
8.988,16.037
9.047,16.038
9.107,16.038
8.929,15.936
9.048,15.938
9.107,15.938
8.93,15.836
9.048,15.838
8.93,15.736
9.048,15.738
9.108,15.738
8.93,15.636
9.108,15.638
9.167,15.639
8.931,15.536
9.168,15.539
8.931,15.436
8.99,15.437
9.168,15.439
8.932,15.336
8.991,15.337
9.05,15.338
9.168,15.339
9.228,15.34
8.991,15.237
9.05,15.238
9.11,15.238
9.169,15.239
8.873,15.136
8.992,15.137
9.051,15.138
9.11,15.138
9.169,15.139
9.228,15.14
13.491,15.185
13.55,15.186
13.609,15.186
13.668,15.187
13.728,15.188
13.787,15.188
13.846,15.189
13.905,15.19
13.964,15.19
14.024,15.191
14.083,15.191
14.142,15.192
8.814,15.035
8.873,15.036
8.933,15.036
8.992,15.037
9.051,15.038
9.169,15.039
9.229,15.04
9.288,15.04
9.347,15.041
14.024,15.091
14.083,15.091
14.142,15.092
14.202,15.093
14.261,15.093
14.32,15.094
14.379,15.095
14.438,15.095
14.498,15.096
14.557,15.096
8.815,14.935
8.874,14.936
9.288,14.94
9.347,14.941
8.815,14.835
8.874,14.836
9.348,14.841
9.407,14.841
9.466,14.842
9.525,14.843
8.875,14.736
9.348,14.741
9.407,14.741
9.467,14.742
9.526,14.743
9.585,14.743
8.875,14.636
8.934,14.636
8.993,14.637
9.467,14.642
9.526,14.643
8.935,14.536
8.994,14.537
9.053,14.538
9.527,14.543
9.586,14.543
8.994,14.437
9.053,14.438
9.113,14.438
9.586,14.443
9.645,14.444
9.113,14.338
9.172,14.339
9.587,14.343
9.646,14.344
9.705,14.345
9.113,14.238
9.172,14.239
9.646,14.244
9.705,14.245
9.114,14.138
9.173,14.139
9.646,14.144
9.706,14.145
9.114,14.038
9.173,14.039
9.706,14.045
9.765,14.045
9.114,13.938
9.174,13.939
9.766,13.945
9.825,13.946
9.884,13.947
9.943,13.947
10.002,13.948
9.115,13.838
9.174,13.839
9.944,13.847
10.003,13.848
10.062,13.849
10.121,13.849
9.174,13.739
9.234,13.74
10.003,13.748
10.062,13.749
10.122,13.749
10.181,13.75
10.24,13.75
9.175,13.639
9.234,13.64
9.293,13.64
9.352,13.641
10.004,13.648
10.063,13.649
10.122,13.649
10.181,13.65
10.24,13.65
10.3,13.651
10.477,13.653
10.596,13.654
10.655,13.655
10.714,13.656
10.773,13.656
10.832,13.657
10.892,13.657
10.951,13.658
11.128,13.66
11.188,13.661
9.234,13.54
9.294,13.54
9.353,13.541
10.478,13.553
10.537,13.554
10.596,13.554
10.774,13.556
10.892,13.557
10.951,13.558
11.01,13.559
11.07,13.559
11.188,13.561
11.247,13.561
9.235,13.44
9.294,13.44
9.353,13.441
9.412,13.442
10.478,13.453
10.537,13.454
11.011,13.459
11.07,13.459
11.188,13.461
11.248,13.461
11.307,13.462
9.235,13.34
9.294,13.34
9.413,13.342
9.472,13.342
9.531,13.343
11.13,13.36
11.189,13.361
9.235,13.24
9.295,13.24
9.472,13.242
9.531,13.243
9.591,13.244
9.65,13.244
11.13,13.26
11.189,13.261
9.295,13.14
9.65,13.144
9.709,13.145
11.189,13.161
9.236,13.04
11.19,13.061
9.237,12.94
9.296,12.94
11.131,12.96
11.19,12.961
9.237,12.84
9.296,12.84
11.072,12.859
11.131,12.86
9.237,12.74
9.297,12.741
10.954,12.758
11.013,12.759
11.073,12.759
11.132,12.76
9.297,12.641
11.014,12.659
11.073,12.659
11.132,12.66
11.251,12.661
9.297,12.541
11.073,12.559
11.192,12.561
11.251,12.561
9.238,12.44
9.298,12.441
10.955,12.458
11.014,12.459
11.074,12.46
11.133,12.46
11.192,12.461
11.251,12.461
9.239,12.34
9.298,12.341
10.956,12.358
11.015,12.359
11.074,12.36
11.133,12.36
9.298,12.241
9.358,12.241
11.134,12.26
11.193,12.261
9.299,12.141
9.358,12.141
11.193,12.161
11.252,12.161
9.181,12.039
9.24,12.04
9.299,12.041
11.134,12.06
11.194,12.061
9.181,11.939
9.24,11.94
11.135,11.96
11.194,11.961
11.253,11.961
9.181,11.839
9.241,11.84
9.3,11.841
11.135,11.86
11.254,11.861
11.313,11.862
9.063,11.738
9.182,11.739
9.241,11.74
9.3,11.741
11.076,11.76
11.135,11.76
11.313,11.762
9.064,11.638
9.123,11.639
9.182,11.639
9.241,11.64
11.195,11.661
11.313,11.662
11.373,11.663
9.064,11.538
9.123,11.539
9.183,11.539
9.242,11.54
9.301,11.541
9.36,11.541
9.419,11.542
11.136,11.56
11.195,11.561
11.255,11.562
11.373,11.563
12.202,11.572
8.946,11.437
9.005,11.438
9.065,11.438
9.183,11.439
9.242,11.44
9.301,11.441
9.361,11.441
9.42,11.442
9.479,11.443
11.077,11.46
11.137,11.46
11.196,11.461
11.255,11.462
11.314,11.462
11.373,11.463
11.433,11.463
11.492,11.464
11.551,11.465
11.61,11.465
11.669,11.466
12.143,11.471
12.202,11.472
12.261,11.472
12.321,11.473
12.38,11.474
8.947,11.337
9.006,11.338
9.302,11.341
9.361,11.341
9.42,11.342
11.137,11.36
11.196,11.361
11.255,11.362
11.611,11.365
11.67,11.366
11.729,11.367
11.788,11.367
12.025,11.37
12.084,11.37
12.143,11.371
12.38,11.374
12.439,11.374
8.947,11.237
9.006,11.238
9.302,11.241
9.361,11.241
11.729,11.267
11.789,11.267
11.848,11.268
12.44,11.274
12.499,11.275
8.77,11.135
8.829,11.136
8.888,11.136
8.947,11.137
9.362,11.141
9.421,11.142
9.48,11.143
12.499,11.175
12.559,11.175
8.711,11.034
8.77,11.035
8.829,11.036
9.421,11.042
9.48,11.043
12.559,11.076
9.481,10.943
9.54,10.943
12.559,10.976
12.619,10.976
9.422,10.842
9.481,10.843
9.54,10.843
12.56,10.876
12.619,10.876
9.304,10.741
9.363,10.741
9.422,10.742
9.482,10.743
12.619,10.776
9.304,10.641
12.62,10.676
12.679,10.677
12.738,10.677
9.246,10.54
9.305,10.541
12.62,10.576
12.679,10.577
12.738,10.577
12.798,10.578
9.187,10.44
9.246,10.44
12.739,10.477
12.798,10.478
12.857,10.479
9.187,10.34
9.246,10.34
12.798,10.378
12.858,10.379
12.917,10.379
12.976,10.38
9.187,10.24
12.917,10.279
12.976,10.28
9.188,10.14
9.247,10.14
12.977,10.18
13.036,10.181
9.129,10.039
9.188,10.04
9.247,10.04
12.977,10.08
13.036,10.081
9.129,9.939
9.189,9.94
13.037,9.981
13.096,9.981
9.189,9.84
9.248,9.84
13.037,9.881
13.096,9.881
13.155,9.882
13.629,9.887
13.688,9.888
17.951,9.933
9.13,9.739
9.189,9.74
9.249,9.74
9.308,9.741
13.097,9.781
13.156,9.782
13.215,9.783
13.274,9.783
13.333,9.784
13.393,9.785
13.452,9.785
13.511,9.786
13.57,9.786
13.629,9.787
13.689,9.788
13.748,9.788
17.892,9.833
17.951,9.833
9.249,9.64
9.308,9.641
9.427,9.642
9.486,9.643
9.545,9.643
9.604,9.644
13.215,9.683
13.275,9.683
13.334,9.684
13.393,9.685
13.452,9.685
13.511,9.686
13.571,9.686
13.63,9.687
13.748,9.688
13.807,9.689
17.774,9.731
17.892,9.733
9.308,9.541
9.368,9.542
9.427,9.542
9.486,9.543
9.545,9.543
9.604,9.544
9.664,9.545
9.723,9.545
9.782,9.546
9.841,9.547
17.774,9.631
17.834,9.632
17.893,9.633
9.486,9.443
9.546,9.443
9.782,9.446
9.842,9.447
9.901,9.447
9.96,9.448
10.019,9.449
10.078,9.449
10.138,9.45
10.197,9.45
10.256,9.451
17.775,9.531
17.834,9.532
9.546,9.343
9.605,9.344
10.079,9.349
10.138,9.35
10.197,9.35
10.256,9.351
10.552,9.354
17.716,9.431
17.775,9.431
9.546,9.244
9.606,9.244
10.257,9.251
10.316,9.252
10.494,9.254
10.553,9.254
10.612,9.255
10.671,9.256
17.716,9.331
17.775,9.331
9.547,9.144
9.606,9.144
10.257,9.151
10.316,9.152
10.435,9.153
10.494,9.154
10.612,9.155
10.672,9.156
17.717,9.231
17.776,9.231
9.547,9.044
9.606,9.044
9.666,9.045
10.317,9.052
10.376,9.052
10.435,9.053
10.494,9.054
10.554,9.054
17.717,9.131
17.776,9.131
9.607,8.944
9.666,8.945
9.725,8.945
10.554,8.954
10.613,8.955
17.717,9.031
9.666,8.845
9.726,8.845
9.785,8.846
10.554,8.854
10.614,8.855
10.673,8.856
10.732,8.856
17.659,8.93
17.718,8.931
9.785,8.746
9.844,8.747
10.673,8.756
10.732,8.756
14.758,8.799
17.54,8.829
17.6,8.83
17.659,8.83
9.845,8.647
9.904,8.647
10.733,8.656
10.792,8.657
14.699,8.699
14.758,8.699
14.818,8.7
17.482,8.728
17.541,8.729
17.6,8.73
9.904,8.547
10.851,8.558
10.911,8.558
10.97,8.559
11.029,8.559
11.088,8.56
11.384,8.563
14.759,8.599
17.364,8.627
17.423,8.628
17.482,8.628
17.541,8.629
9.845,8.447
9.905,8.447
10.911,8.458
10.97,8.459
11.029,8.459
11.089,8.46
11.325,8.463
11.385,8.463
11.444,8.464
11.503,8.464
14.996,8.502
15.055,8.502
15.114,8.503
15.174,8.504
17.364,8.527
17.423,8.528
17.482,8.528
9.846,8.347
10.971,8.359
11.03,8.359
11.267,8.362
11.326,8.363
11.444,8.364
11.503,8.364
11.563,8.365
14.937,8.401
14.996,8.402
15.056,8.402
15.115,8.403
15.174,8.404
15.233,8.404
17.246,8.426
17.305,8.426
17.364,8.427
9.846,8.247
10.971,8.259
11.03,8.259
11.089,8.26
11.149,8.261
11.208,8.261
11.267,8.262
11.563,8.265
11.918,8.269
11.977,8.27
12.037,8.27
12.096,8.271
14.997,8.302
15.056,8.302
15.115,8.303
15.174,8.304
15.234,8.304
15.293,8.305
15.352,8.306
15.411,8.306
15.47,8.307
15.53,8.308
15.589,8.308
15.648,8.309
17.306,8.326
9.847,8.147
11.149,8.161
11.563,8.165
11.623,8.166
11.8,8.168
11.859,8.168
11.919,8.169
15.115,8.203
15.175,8.204
15.234,8.204
15.293,8.205
15.352,8.206
15.411,8.206
15.471,8.207
15.53,8.208
15.589,8.208
15.648,8.209
15.707,8.209
15.767,8.21
16.003,8.213
16.063,8.213
16.122,8.214
9.847,8.047
11.623,8.066
11.741,8.067
11.801,8.068
15.353,8.106
15.412,8.106
15.471,8.107
15.53,8.108
15.589,8.108
15.649,8.109
15.708,8.109
15.945,8.112
16.004,8.113
16.063,8.113
16.122,8.114
16.181,8.114
11.742,7.967
11.801,7.968
16.123,8.014
16.182,8.014
16.241,8.015
16.359,8.016
11.742,7.867
11.801,7.868
16.182,7.915
16.241,7.915
16.301,7.916
16.36,7.916
16.419,7.917
16.478,7.918
11.742,7.767
16.479,7.818
16.538,7.818
16.597,7.819
11.802,7.668
11.861,7.668
11.92,7.669
11.98,7.67
16.538,7.718
16.597,7.719
16.657,7.72
11.802,7.568
11.921,7.569
11.98,7.57
11.921,7.469
11.98,7.47
11.922,7.369
11.981,7.37
11.981,7.27
12.04,7.27
12.1,7.271
12.159,7.272
12.218,7.272
12.277,7.273
12.336,7.273
12.396,7.274
12.634,6.977
12.693,6.977
12.634,6.877
12.693,6.877
12.693,6.777
12.753,6.778
12.753,6.678
12.812,6.679
12.753,6.578
12.813,6.579
12.872,6.579
12.813,6.479
12.872,6.479
12.931,6.48
12.873,6.379
15.596,6.308
15.655,6.309
15.537,6.208
15.597,6.208
15.479,6.107
