Well_ID,X_GK,Y_GK,x_km,y_km,DRASTIC,Infiltration,Lithology,Land_Use_Soil,Topo_slope_pct,Unsaturated_Zone,Inside_Aquifer,K_mday,head_m,NO3_mgL
P3,4389697.790000001,4612715.340000002,7.946790000000968,36.471370000001976,150,,Gravel - coarse-grained,Sandy silt,2 to 4,Aleurite,YES,200.0,24.0,2.21
P4,4386550.210000001,4613827.160000004,4.799210000000894,37.58319000000414,133,,Gravel - medium-grained,Dusty silt,0-2,Sandy clay loam,YES,200.0,36.0,1.665
P5,4384832.870000002,4613341.220000001,3.0818700000019743,37.09725000000093,126,,Gravel - medium-grained,Clayey silt,0-2,Clay loam,NO,200.0,38.0,
P6,4382843.545374651,4612331.655031752,1.0925453746514395,36.0876850317521,123,,Gravel - fine-grained,Clayey silt,0-2,Clay loam,NO,200.0,43.0,4.1
P8,4384512.65,4612007.76,2.7616500000003725,35.763790000000036,123,,Gravel - fine-grained,Clayey silt,0-2,Clay loam,NO,200.0,40.0,
P9,4384858.900000001,4609785.000000002,3.1079000000013037,33.541030000002124,130,,Gravel - medium-grained,Clayey silt,0-2,Clay loam,NO,150.0,40.0,3.97
P10,4385772.540000001,4611141.77,4.021540000000969,34.89779999999981,128,,Gravel - medium-grained,Dusty silt,0-2,Clay loam,YES,200.0,37.0,
P12,4387178.14,4611065.859999999,5.427139999999665,34.82188999999966,139,,Gravel - medium-grained,Sandy silt,2 to 4,Dusty sand_aleurite,YES,50.0,25.0,8.155
P13,4386590.16,4605699.130000003,4.839160000000149,29.455160000002945,131,,Gravel - fine-grained,Dusty silt,0-2,Sandy clay loam,YES,50.0,35.0,4.315
P15,4382564.170000001,4605757.510000004,0.8131700000008568,29.513540000004692,121,,Gravel - fine-grained,Clayey silt,0-2,Clay loam,NO,50.0,45.0,4.225
P16,4382842.680000001,4618852.040000003,1.0916800000006333,42.60807000000309,127,,Gravel - coarse-grained,Sandy silt,2 to 4,Dusty sand_aleurite,NO,200.0,14.0,4.6
P17,4388660.46,4610529.710000005,6.909459999999963,34.28574000000488,140,,Gravel - medium-grained,Sandy silt,2 to 4,Dusty sand_aleurite,YES,200.0,25.0,2.1
P19,4398876.2,4578903.74,17.125200000000188,2.6597700000004845,189,,Gravel - coarse-grained,Absent,0-2,Dusty sand,YES,130.0,4.0,5.4
P20,4391881.35,4586409.809999999,10.130349999999627,10.16583999999892,134,,Gravel - medium-grained,Sandy silt,2 to 4,Sandy clay loam,YES,100.0,20.0,12.55
P21,4390133.639999999,4594648.170000002,8.382639999998734,18.40420000000205,134,,Gravel - medium-grained,Dusty silt,0-2,Sandy clay loam,YES,100.0,32.0,8.54
R8,4394166.0,4583209.0,12.415,6.965030000000261,161,,Gravel - coarse-grained,Dusty silt,0-2,Aleurite,YES,130.0,10.0,7.05825359999997
R11,4391794.000000002,4584444.000000002,10.043000000001863,8.200030000002123,151,,Gravel - medium-grained,Dusty silt,0-2,Aleurite,NO,70.0,7.0,3.71638539999997
R12,4394311.000000001,4585283.000000002,12.560000000000931,9.039030000002123,141,,Gravel - medium-grained,Sandy silt,0-2,Aleurite,YES,100.0,20.0,4.15
R13,4391812.0,4585733.000000002,10.061,9.489030000002124,134,,Gravel - medium-grained,Sandy silt,0-2,Aleurite,YES,100.0,20.0,22.27
R15,4391912.000000001,4587382.0,10.161000000000932,11.13803000000026,134,,Gravel - coarse-grained,Dusty silt,0-2,Aleurite,YES,100.0,20.0,
R16,4391407.000000001,4589527.0,9.656000000000931,13.283030000000261,129,,Gravel - coarse-grained,Dusty silt,0-2,Aleurite,YES,100.0,26.0,24.74
A1,4384800.000000001,4612850.0,3.049000000000931,36.60603000000026,126,,Gravel - medium-grained,Clayey silt,0-2,Clay loam,YES,200.0,38.0,
A3,4390000.000000002,4616000.000000002,8.249000000001862,39.75603000000212,163,,Gravel - coarse-grained,Sandy silt,2 to 4,Dusty sand_aleurite,YES,200.0,14.0,3.1
A4,4388850.000000001,4612899.999999998,7.099000000000931,36.656029999998395,141,,Gravel - coarse-grained,Dusty silt,0-2,Sandy clay loam,YES,200.0,26.0,1.4
A5,4384419.333672004,4611115.604097879,2.6683336720038207,34.87163409787882,123,,Gravel - fine-grained,Clayey silt,0-2,Clay loam,NO,200.0,40.0,
A9,4387250.0,4612950.000000004,5.499,36.706030000003985,133,,Gravel - medium-grained,Dusty silt,0-2,Sandy clay loam,YES,200.0,30.0,
A10,4389600.000000001,4610750.000000002,7.849000000000931,34.50603000000212,145,,Gravel - medium-grained,Sandy silt,2 to 4,Dusty sand_aleurite,YES,200.0,25.0,3.4
A11,4386700.000000001,4606500.0,4.9490000000009315,30.256030000000262,131,,Gravel - medium-grained,Dusty silt,0-2,Sandy clay loam,YES,50.0,30.0,5.3
A12,4391862.350000001,4589715.158,10.11135000000056,13.471188000000081,132,,Gravel - coarse-grained,Dusty silt,0-2,Aleurite,YES,100.0,26.0,1.38
A13,4388250.0,4600949.999999998,6.499,24.7060299999984,142,,Gravel - medium-grained,Dusty silt,0-2,Sandy clay loam,YES,100.0,25.0,5.0
A14,4398550.0,4577900.0,16.799,1.6560300000002608,189,,Gravel - coarse-grained,Thin,0-2,Dusty sand,YES,130.0,4.0,15.0
A15,4399514.22138261,4576933.072982816,17.76322138260957,0.6891029828162863,182,,Gravel - coarse-grained,Absent,2 to 4,Dusty sand,NO,130.0,6.0,20.0
A16,4387000.000000001,4596200.000000004,5.249000000000931,19.956030000003985,132,,Gravel - medium-grained,Dusty silt,2 to 4,Sandy clay loam,NO,100.0,65.0,1.81
A17,4390300.000000001,4593100.0,8.549000000000932,16.85603000000026,139,,Gravel - medium-grained,Dusty silt,0-2,Sandy clay loam,YES,100.0,25.0,5.98
A18,4394400.000000001,4587250.000000002,12.649000000000932,11.006030000002124,138,,Gravel - coarse-grained,Sandy silt,2 to 4,Aleurite,YES,50.0,15.0,4.15
A20,4387800.0,4598549.999999998,6.049,22.306029999998398,139,,Gravel - medium-grained,Dusty silt,0-2,Sandy clay loam,YES,100.0,25.0,
A21,4396050.000000001,4581000.000000002,14.299000000000932,4.756030000002124,184,,Gravel - coarse-grained,Thin,0-2,Dusty sand_aleurite,YES,130.0,6.0,15.2
A22,4382950.0,4608050.0,1.199,31.80603000000026,95,,Gravel - fine-grained,Clayey silt,0-2,Clay loam,NO,50.0,50.0,
A23,4384400.0,4606100.0,2.649,29.85603000000026,121,,Gravel - fine-grained,Clayey silt,0-2,Clay loam,YES,50.0,45.0,3.72
A24,4387100.0,4606700.000000004,5.349,30.456030000003985,128,,Gravel - fine-grained,Dusty silt,0-2,Sandy clay loam,YES,50.0,35.0,
A25,4388299.999999999,4607000.0,6.548999999999069,30.756030000000262,143,,Gravel - medium-grained,Sandy silt,2 to 4,Dusty sand_aleurite,YES,50.0,25.0,6.7
A28,4387450.000000001,4614200.0,5.6990000000009315,37.95603000000026,128,,Gravel - medium-grained,Dusty silt,0-2,Clay loam,YES,200.0,44.0,
A30,4386100.0,4613250.0,4.349,37.00603000000026,133,,Gravel - medium-grained,Dusty silt,0-2,Sandy clay loam,YES,200.0,36.0,
L88,4391248.0,4619331.0,9.497,43.08703000000026,163,,,,,,NO,,,
L89,4390830.000000001,4620469.0,9.079000000000931,44.22503000000026,163,,,,,,NO,,,
L91,4391009.000000001,4621030.000000002,9.258000000000932,44.78603000000212,167,,,,,,NO,,,
L93,4390593.000000001,4622863.000000002,8.842000000000931,46.61903000000213,167,,,,,,YES,,,
L94,4392390.000000001,4614864.000000002,10.639000000000932,38.620030000002124,163,,,,,,NO,,,
L95,4392504.0,4615871.0,10.753,39.62703000000026,163,,,,,,NO,,,
L96,4393830.0,4618508.0,12.079,42.26403000000026,163,,,,,,NO,,,
L97,4386805.000000001,4622952.0,5.054000000000931,46.708030000000264,132,,,,,,YES,,,
L99,4385755.000000002,4622561.0,4.004000000001863,46.31703000000026,137,,,,,,YES,,,
L100,4385745.000000001,4621708.000000002,3.9940000000009315,45.464030000002126,97,,,,,,YES,,,
L102,4387311.000000001,4621800.0,5.560000000000931,45.55603000000026,92,,,,,,YES,,,
L103,4387590.000000001,4619522.000000002,5.839000000000931,43.278030000002126,128,,,,,,YES,,,
L104,4386526.000000001,4619116.000000004,4.775000000000931,42.87203000000399,128,,,,,,YES,,,
L105,4387877.0,4618381.0,6.126,42.13703000000026,128,,,,,,YES,,,
L107,4386174.000000001,4617856.0,4.423000000000932,41.61203000000026,128,,,,,,YES,,,
L108,4387824.000000001,4624035.999999998,6.073000000000931,47.7920299999984,154,,,,,,YES,,,
L109,4388514.000000001,4622748.0,6.763000000000932,46.50403000000026,114,,,,,,YES,,,
L110,4388738.0,4621872.000000004,6.987,45.62803000000399,154,,,,,,YES,,,
L112,4389197.000000001,4621003.0,7.446000000000931,44.75903000000026,154,,,,,,YES,,,
L113,4389109.000000001,4619958.0,7.358000000000931,43.714030000000264,150,,,,,,YES,,,
L114,4389365.0,4618696.0,7.614,42.45203000000026,150,,,,,,YES,,,
L116,4387723.000000002,4615984.000000002,5.972000000001863,39.74003000000212,128,,,,,,YES,,,
L117,4386493.000000002,4616095.000000002,4.7420000000018625,39.851030000002126,128,,,,,,YES,,,
H100,4381750.905906519,4616444.16931699,-9.409348107874393e-05,40.20019931699056,123,,,,,,NO,,,
H98,4384263.129680967,4617007.732944122,2.512129680966958,40.763762944121844,128,,,,,,YES,,,
H93,4384759.224423157,4617797.515773684,3.0082244231570514,41.55354577368405,128,,,,,,YES,,,
H92,4383568.5970419,4617868.953416558,1.8175970419002696,41.624983416558244,123,,,,,,YES,,,
H81,4382651.813958335,4618535.704750061,0.9008139583347365,42.291734750061295,123,,,,,,NO,,,
H77,4385037.037478783,4619234.206147064,3.286037478783168,42.990236147064714,128,,,,,,YES,,,
V8,4384227.785595268,4620207.943431012,2.476785595268011,43.96397343101259,126,,,,,,YES,,,
V10,4385902.023770137,4620975.895887055,4.151023770136758,44.731925887055695,97,,,,,,YES,,,
V4,4383961.512805776,4620934.656082351,2.210512805775739,44.69068608235102,90,,,,,,YES,,,
V2,4385220.596851721,4622661.590543164,3.469596851721406,46.417620543164205,97,,,,,,YES,,,
V1,4385210.013497221,4623163.241546467,3.459013497221284,46.91927154646721,97,,,,,,YES,,,
H5',4384216.968745506,4628411.48272525,2.465968745506369,52.167512725249864,127,,,,,,NO,,,
H16,4386384.109017284,4627113.897317572,4.6331090172836555,50.86992731757183,127,,,,,,YES,,,
H23,4384189.826851,4625727.89129,2.438826851000078,49.48392128999997,97,,,,,,YES,,,
H40,4385309.678048979,4625647.193212291,3.55867804897856,49.403223212291486,92,,,,,,YES,,,
H45,4384895.868888026,4624864.818730874,3.1448688880261035,48.62084873087425,97,,,,,,YES,,,
H44,4383445.102653161,4624301.731354699,1.6941026531606913,48.0577613546988,90,,,,,,YES,,,
H4-5,4382337.360576565,4622846.105596226,0.5863605765653774,46.60213559622597,87,,,,,,NO,,,
H64,4382691.902952317,4621408.251053851,0.9409029523171485,45.16428105385136,87,,,,,,NO,,,
H17,4381808.227255053,4626323.04443136,0.0572272550528869,50.0790744313607,87,,,,,,NO,,,
H31,4386843.003268407,4625943.042067872,5.092003268406726,49.69907206787262,114,,,,,,YES,,,
H43,4388448.286478972,4625367.667417128,6.697286478972062,49.1236974171279,127,,,,,,YES,,,
H32,4388704.006782078,4626342.306171959,6.953006782078184,50.098336171959524,127,,,,,,YES,,,
H63,4389705.906494212,4622296.845372709,7.954906494212337,46.05287537270971,167,,,,,,YES,,,
V54,4382040.826837236,4623519.576710792,0.2898268372360617,47.275606710792516,87,,,,,,NO,,,
V12,4384045.323042009,4627085.039823666,2.294323042009026,50.84106982366647,92,,,,,,NO,,,
B2-5,4385206.756267426,4621391.324648807,3.4557562674256044,45.14735464880709,97,,,,,,YES,,,
B25,4385071.288227392,4626804.577081211,3.3202882273923606,50.560607081211174,92,,,,,,YES,,,
B5,4389006.355819752,4624275.067161079,7.25535581975244,48.031097161078826,127,,,,,,YES,,,
C3,4382707.762382978,4620397.063253984,0.9567623829776422,44.15309325398412,123,,,,,,NO,,,
E49,4387586.225750325,4624767.034395007,5.835225750325248,48.52306439500768,114,,,,,,YES,,,
E52,4387247.796531797,4624207.122025182,5.496796531797386,47.9631520251818,114,,,,,,YES,,,
H2/4,4387125.095093874,4608425.801349225,5.374095093874261,32.18183134922572,131,,,,,,YES,,,
H81',4386078.593818579,4606828.618373604,4.327593818578869,30.58464837360382,131,,,,,,YES,,,
H386,4383998.96465932,4605764.99124635,2.2479646593201905,29.52102124635037,121,,,,,,YES,,,
H305,4386900.964560539,4603944.312518189,5.149964560539462,27.70034251818899,143,,,,,,YES,,,
H419,4388436.847423969,4604141.665621232,6.685847423968837,27.8976956212325,143,,,,,,YES,,,
H322,4388163.743961093,4601809.006094798,6.412743961093016,25.565036094798707,139,,,,,,YES,,,
H77',4386607.990849584,4601840.756158296,4.856990849584341,25.59678615829628,139,,,,,,YES,,,
H452,4386299.045092804,4598237.688396605,4.548045092804357,21.993718396604994,139,,,,,,NO,,,
H339,4388154.85773585,4611171.083411291,6.403857735849917,34.9271134112915,140,,,,,,YES,,,
C74,4385105.837401698,4608613.703990979,3.3548374016983433,32.369733990979384,121,,,,,,YES,,,
C346,4387215.893705145,4609487.492196888,5.464893705145456,33.243522196887994,132,,,,,,YES,,,
H185,4393985.85391173,4592681.998377569,12.234853911730461,16.43802837756928,149,,,,,,YES,,,
H180,4393736.042648219,4590530.270115776,11.985042648218572,14.286300115776248,129,,,,,,NO,,,
H262,4395960.13326012,4590746.4605208,14.209133260119707,14.502490520800464,141,,,,,,NO,,,
V40/87,4393921.707304795,4582843.928365048,12.170707304795272,6.599958365048282,161,,,,,,YES,,,
V4',4395746.648038014,4582167.969513124,13.995648038013838,5.923999513124116,184,,,,,,YES,,,
V61,4397461.016970228,4580351.338918049,15.710016970228404,4.107368918049149,157,,,,,,YES,,,
V35,4396931.849245228,4579477.153836345,15.180849245227874,3.2331838363455607,189,,,,,,YES,,,
V23/87,4396188.712550619,4576841.753044713,14.437712550618686,0.5977830447135493,189,,,,,,NO,,,
V11/95,4396089.758186041,4576155.598894622,14.338758186041378,-0.08837110537756235,182,,,,,,NO,,,
V15/84,4400389.488486913,4576851.211917792,18.638488486913033,0.6072419177927076,182,,,,,,NO,,,
V28,4401338.683093639,4577886.396279834,19.58768309363909,1.6424262798344715,182,,,,,,YES,,,
V512,4393149.72435456,4585212.370654047,11.398724354559556,8.968400654046796,141,,,,,,YES,,,
V416,4389994.023807031,4593935.480114186,8.243023807031102,17.691510114186443,139,,,,,,YES,,,
V331,4388512.971539368,4596121.789486812,6.761971539367922,19.877819486812687,134,,,,,,YES,,,
V460,4389332.506463474,4597378.466420935,7.581506463473663,21.134496420934795,134,,,,,,YES,,,
V394,4387150.792030595,4599507.484567868,5.399792030595243,23.26351456786785,139,,,,,,YES,,,
B382,4384569.48540964,4604214.239658466,2.818485409639776,27.97026965846587,131,,,,,,YES,,,
B383,4385787.894096459,4603960.239150466,4.036894096459262,27.71626915046666,131,,,,,,YES,,,
B385,4383227.163280549,4605018.629722115,1.4761632805494591,28.77465972211491,121,,,,,,NO,,,
B389,4382786.57823271,4606457.463224785,1.0355782327102496,30.213493224785662,121,,,,,,YES,,,
B147,4383889.892939339,4606858.307776475,2.138892939339392,30.614337776475587,121,,,,,,YES,,,
B161,4384604.269368093,4607917.966145793,2.8532693680934607,31.673996145793236,121,,,,,,YES,,,
C109,4389574.20087082,4592046.644960163,7.823200870820322,15.802674960163422,99,,,,,,YES,,,
H505,4388335.783775571,4607256.594684163,6.584783775570802,31.01262468416337,143,,,,,,YES,,,
G2/98,4397822.028025283,4576672.380656974,16.071028025282548,0.4284106569746509,182,,,,,,NO,,,
E6/87,4399572.051837828,4577824.524315426,17.821051837828012,1.5805543154263868,150,,,,,,NO,,,
V13,4397306.254858315,4577089.311907504,15.55525485831499,0.8453419075040147,189,,,,,,NO,,,
V14/97,4397718.123737609,4578508.319259405,15.967123737609015,2.264349259405397,189,,,,,,YES,,,
E8,4399882.111051695,4580086.561999224,18.13111105169542,3.8425919992243873,189,,,,,,YES,,,
V9/83,4401210.32204145,4580168.582996601,19.45932204145007,3.9246129966014998,189,,,,,,NO,,,
E57/82,4401750.95506716,4579230.192230931,19.999955067159608,2.986222230930813,182,,,,,,NO,,,
V2/86,4402475.859728777,4580455.105271038,20.72485972877685,4.211135271037929,182,,,,,,NO,,,
H1/98,4398358.045165025,4577101.445282461,16.607045165024697,0.8574752824613825,182,,,,,,NO,,,
E60,4394440.351912973,4582383.862097299,12.689351912973448,6.139892097298987,161,,,,,,YES,,,
V500,4390438.342790072,4587143.511317093,8.687342790071853,10.899541317093187,134,,,,,,YES,,,
V5',4391159.175065072,4587972.029224129,9.408175065072253,11.728059224129655,134,,,,,,YES,,,
H1,4392380.670563618,4588449.426706698,10.62967056361772,12.205456706698053,134,,,,,,YES,,,
H259,4390761.417325112,4589198.860497234,9.010417325112037,12.95489049723465,129,,,,,,YES,,,
H3,4390425.025402328,4591069.812364139,8.674025402327999,14.825842364138923,129,,,,,,YES,,,
HX,4391105.005928956,4591048.645655138,9.354005928955972,14.804675655138679,129,,,,,,YES,,,
H141,4395166.368218349,4591004.724733964,13.415368218349293,14.76075473396387,141,,,,,,NO,,,
H140,4393788.415462444,4591547.650819816,12.037415462443604,15.303680819815956,129,,,,,,YES,,,
H182,4393272.807660393,4593374.635463368,11.521807660393417,17.13066546336841,139,,,,,,YES,,,
H407,4389372.455675663,4593071.907427356,7.621455675663427,16.82793742735591,139,,,,,,YES,,,
H410,4388112.948295536,4594302.134193365,6.361948295536451,18.058164193365723,132,,,,,,NO,,,
E58,4389888.085526367,4592806.309326712,8.137085526366718,16.5623393267123,139,,,,,,YES,,,
E61,4391255.842984103,4593366.010029448,9.504842984102666,17.122040029448456,139,,,,,,YES,,,
E62,4391676.53132548,4593485.072767576,9.92553132547997,17.241102767576464,139,,,,,,YES,,,
V4/5,4392900.140187631,4593071.262504192,11.149140187631362,16.82729250419233,139,,,,,,YES,,,
V329,4392241.07942507,4594460.821672197,10.490079425070435,18.21685167219769,139,,,,,,YES,,,
V328,4391320.327583565,4594321.121392798,9.569327583565377,18.07715139279794,139,,,,,,YES,,,
V501,4391294.464511008,4592747.57501654,9.543464511008002,16.503605016539804,139,,,,,,YES,,,
V463,4391375.217710709,4592073.492505178,9.6242177107092,15.829522505178117,139,,,,,,YES,,,
V187,4392769.415915771,4591163.297559792,11.018415915771387,14.919327559792437,129,,,,,,YES,,,
H246,4387498.133692899,4595194.051035881,5.747133692898788,18.950081035881304,132,,,,,,NO,,,
E461,4389540.478555122,4596082.650193639,7.789478555122391,19.83868019363936,134,,,,,,YES,,,
V460',4390011.851242661,4596548.924129661,8.260851242660545,20.304954129661432,134,,,,,,YES,,,
V443,4386800.487796045,4611668.020208031,5.049487796044908,35.4240502080312,128,,,,,,YES,,,
H335,4389251.583561431,4606693.428092785,7.500583561430685,30.44945809278544,143,,,,,,YES,,,
V334,4388832.835501712,4605465.494386915,7.081835501711816,29.221524386915377,143,,,,,,YES,,,
V323,4388961.693815293,4602849.918539539,7.210693815292791,26.60594853953924,139,,,,,,YES,,,
H236,4384576.882430982,4601814.306901291,2.825882430981845,25.570336901291274,139,,,,,,NO,,,
H235,4385586.51599181,4600702.133323655,3.835515991809778,24.458163323655725,139,,,,,,NO,,,
H75,4385788.786764514,4600054.080073541,4.037786764513701,23.810110073541292,139,,,,,,NO,,,
H423,4385760.52839266,4599118.476266323,4.009528392660432,22.874506266322918,139,,,,,,NO,,,
V332,4387873.451048217,4600132.598688809,6.122451048216782,23.88862868880946,139,,,,,,YES,,,
V526,4394695.333352338,4584414.442799855,12.94433335233759,8.170472799855284,141,,,,,,YES,,,
V2/97,4396319.878268097,4584516.757379483,14.568878268096595,8.272787379483692,141,,,,,,YES,,,
V94/87,4397752.008979583,4584569.903457997,16.00100897958316,8.325933457997628,141,,,,,,YES,,,
V58/87,4398892.032036118,4584331.48258457,17.141032036118208,8.087512584569865,141,,,,,,NO,,,
V60,4400133.718822963,4584401.906665094,18.382718822962605,8.157936665094457,141,,,,,,NO,,,
