X_GK,Y_GK,channel_azimuth_deg,source
4381751.0,4606343.97,156.1,river
4382451.0,4606343.97,157.0,river
4382451.0,4607043.97,149.5,river
4382451.0,4614743.97,94.9,river
4383151.0,4605643.97,160.5,river
4383151.0,4606343.97,157.4,river
4383151.0,4607043.97,157.9,river
4383151.0,4607743.97,161.5,river
4383151.0,4614043.97,94.8,river
4383151.0,4614743.97,95.0,river
4383151.0,4615443.97,95.8,river
4383151.0,4616143.97,93.7,river
4383151.0,4623843.97,108.7,river
4383151.0,4624543.97,112.2,river
4383151.0,4625243.97,91.2,river
4383151.0,4625943.97,30.7,river
4383851.0,4604943.97,163.2,river
4383851.0,4605643.97,163.2,river
4383851.0,4606343.97,161.1,river
4383851.0,4607043.97,162.6,river
4383851.0,4607743.97,167.5,river
4383851.0,4608443.97,22.2,river
4383851.0,4609143.97,2.8,river
4383851.0,4614043.97,94.5,river
4383851.0,4614743.97,97.2,river
4383851.0,4615443.97,96.6,river
4383851.0,4616143.97,94.6,river
4383851.0,4616843.97,93.8,river
4383851.0,4617543.97,94.8,river
4383851.0,4618243.97,95.8,river
4383851.0,4618943.97,108.8,river
4383851.0,4619643.97,115.3,river
4383851.0,4620343.97,116.8,river
4383851.0,4621043.97,118.1,river
4383851.0,4621743.97,117.4,river
4383851.0,4622443.97,115.0,river
4383851.0,4623143.97,106.9,river
4383851.0,4623843.97,98.8,river
4383851.0,4624543.97,104.0,river
4383851.0,4625243.97,92.5,river
4383851.0,4625943.97,43.4,river
4384551.0,4603543.97,160.6,river
4384551.0,4604243.97,156.9,river
4384551.0,4604943.97,164.8,river
4384551.0,4605643.97,167.4,river
4384551.0,4606343.97,167.6,river
4384551.0,4607043.97,168.4,river
4384551.0,4607743.97,170.8,river
4384551.0,4608443.97,176.2,river
4384551.0,4609143.97,176.6,river
4384551.0,4609843.97,173.2,river
4384551.0,4614043.97,98.9,river
4384551.0,4614743.97,99.1,river
4384551.0,4615443.97,97.4,river
4384551.0,4616143.97,93.3,river
4384551.0,4616843.97,88.4,river
4384551.0,4617543.97,82.2,river
4384551.0,4618243.97,96.7,river
4384551.0,4618943.97,112.4,river
4384551.0,4619643.97,118.2,river
4384551.0,4620343.97,117.8,river
4384551.0,4621043.97,116.9,river
4384551.0,4621743.97,117.1,river
4384551.0,4622443.97,117.0,river
4384551.0,4623143.97,113.9,river
4384551.0,4623843.97,108.8,river
4384551.0,4624543.97,103.6,river
4384551.0,4625243.97,100.1,river
4384551.0,4625943.97,47.9,river
4385251.0,4602143.97,162.3,river
4385251.0,4602843.97,161.1,river
4385251.0,4603543.97,162.2,river
4385251.0,4604243.97,162.7,river
4385251.0,4604943.97,167.5,river
4385251.0,4605643.97,170.3,river
4385251.0,4606343.97,171.0,river
4385251.0,4607043.97,171.1,river
4385251.0,4607743.97,172.5,river
4385251.0,4608443.97,175.5,river
4385251.0,4609143.97,173.2,river
4385251.0,4609843.97,165.2,river
4385251.0,4610543.97,74.7,river
4385251.0,4611243.97,79.5,river
4385251.0,4611943.97,93.4,river
4385251.0,4612643.97,99.0,river
4385251.0,4613343.97,98.6,river
4385251.0,4614043.97,101.2,river
4385251.0,4614743.97,98.6,river
4385251.0,4615443.97,96.0,river
4385251.0,4616143.97,90.7,river
4385251.0,4616843.97,73.6,river
4385251.0,4617543.97,53.1,river
4385251.0,4618243.97,76.5,river
4385251.0,4618943.97,120.4,river
4385251.0,4619643.97,119.8,river
4385251.0,4620343.97,117.2,river
4385251.0,4621043.97,117.7,river
4385251.0,4621743.97,118.5,river
4385251.0,4622443.97,119.4,river
4385251.0,4623143.97,115.4,river
4385251.0,4623843.97,111.3,river
4385251.0,4624543.97,104.8,river
4385251.0,4625243.97,101.2,river
4385251.0,4625943.97,28.6,river
4385251.0,4626643.97,30.7,river
4385251.0,4627343.97,29.5,river
4385251.0,4628043.97,26.7,river
4385951.0,4601443.97,67.2,river
4385951.0,4602143.97,178.4,river
4385951.0,4602843.97,166.3,river
4385951.0,4603543.97,165.0,river
4385951.0,4604243.97,166.9,river
4385951.0,4604943.97,169.2,river
4385951.0,4605643.97,171.5,river
4385951.0,4606343.97,171.9,river
4385951.0,4607043.97,172.1,river
4385951.0,4607743.97,172.8,river
4385951.0,4608443.97,174.8,river
4385951.0,4609143.97,175.3,river
4385951.0,4609843.97,62.5,river
4385951.0,4610543.97,81.3,river
4385951.0,4611243.97,87.2,river
4385951.0,4611943.97,98.4,river
4385951.0,4612643.97,99.4,river
4385951.0,4613343.97,102.5,river
4385951.0,4614043.97,98.6,river
4385951.0,4614743.97,97.3,river
4385951.0,4615443.97,99.5,river
4385951.0,4616143.97,96.2,river
4385951.0,4616843.97,26.5,river
4385951.0,4617543.97,13.6,river
4385951.0,4618243.97,5.9,river
4385951.0,4618943.97,140.6,river
4385951.0,4619643.97,131.1,river
4385951.0,4620343.97,120.5,river
4385951.0,4621043.97,117.4,river
4385951.0,4621743.97,120.5,river
4385951.0,4622443.97,119.2,river
4385951.0,4623143.97,115.5,river
4385951.0,4623843.97,110.6,river
4385951.0,4624543.97,107.4,river
4385951.0,4625243.97,92.5,river
4385951.0,4625943.97,18.3,river
4385951.0,4626643.97,30.2,river
4385951.0,4627343.97,28.4,river
4385951.0,4628043.97,22.0,river
4386651.0,4599343.97,43.2,river
4386651.0,4600043.97,29.5,river
4386651.0,4600743.97,22.5,river
4386651.0,4601443.97,27.9,river
4386651.0,4602143.97,2.1,river
4386651.0,4602843.97,174.1,river
4386651.0,4603543.97,165.5,river
4386651.0,4604243.97,167.4,river
4386651.0,4604943.97,170.1,river
4386651.0,4605643.97,172.4,river
4386651.0,4606343.97,173.1,river
4386651.0,4607043.97,173.2,river
4386651.0,4607743.97,173.5,river
4386651.0,4608443.97,175.4,river
4386651.0,4609143.97,1.7,river
4386651.0,4609843.97,77.1,river
4386651.0,4610543.97,85.2,river
4386651.0,4611243.97,91.2,river
4386651.0,4611943.97,99.4,river
4386651.0,4612643.97,100.4,river
4386651.0,4613343.97,103.5,river
4386651.0,4614043.97,98.5,river
4386651.0,4614743.97,96.7,river
4386651.0,4615443.97,104.6,river
4386651.0,4616143.97,146.1,river
4386651.0,4616843.97,173.7,river
4386651.0,4617543.97,2.0,river
4386651.0,4618243.97,3.4,river
4386651.0,4618943.97,151.0,river
4386651.0,4619643.97,133.5,river
4386651.0,4620343.97,126.6,river
4386651.0,4621043.97,115.4,river
4386651.0,4621743.97,115.2,river
4386651.0,4622443.97,115.4,river
4386651.0,4623143.97,112.6,river
4386651.0,4623843.97,108.6,river
4386651.0,4624543.97,106.3,river
4386651.0,4625243.97,95.3,river
4386651.0,4625943.97,34.8,river
4386651.0,4626643.97,39.8,river
4386651.0,4627343.97,36.5,river
4386651.0,4628043.97,15.4,river
4387351.0,4597243.97,100.1,river
4387351.0,4597943.97,97.8,river
4387351.0,4598643.97,74.8,river
4387351.0,4599343.97,46.5,river
4387351.0,4600043.97,43.6,river
4387351.0,4600743.97,33.2,river
4387351.0,4601443.97,109.1,river
4387351.0,4602143.97,179.4,river
4387351.0,4602843.97,169.8,river
4387351.0,4603543.97,160.3,river
4387351.0,4604243.97,167.2,river
4387351.0,4604943.97,171.8,river
4387351.0,4605643.97,176.0,river
4387351.0,4606343.97,173.9,river
4387351.0,4607043.97,173.7,river
4387351.0,4607743.97,175.3,river
4387351.0,4608443.97,179.5,river
4387351.0,4609143.97,7.7,river
4387351.0,4609843.97,80.9,river
4387351.0,4610543.97,90.3,river
4387351.0,4611243.97,95.2,river
4387351.0,4611943.97,97.6,river
4387351.0,4612643.97,100.1,river
4387351.0,4613343.97,102.4,river
4387351.0,4614043.97,103.4,river
4387351.0,4614743.97,105.5,river
4387351.0,4615443.97,112.0,river
4387351.0,4616143.97,177.7,river
4387351.0,4616843.97,0.1,river
4387351.0,4617543.97,4.5,river
4387351.0,4618243.97,6.5,river
4387351.0,4618943.97,156.8,river
4387351.0,4619643.97,137.9,river
4387351.0,4620343.97,129.3,river
4387351.0,4621043.97,112.7,river
4387351.0,4621743.97,112.2,river
4387351.0,4622443.97,111.5,river
4387351.0,4623143.97,109.4,river
4387351.0,4623843.97,107.4,river
4387351.0,4624543.97,105.4,river
4387351.0,4625243.97,100.8,river
4387351.0,4625943.97,67.5,river
4387351.0,4626643.97,54.2,river
4387351.0,4627343.97,69.2,river
4388051.0,4595143.97,96.8,river
4388051.0,4595843.97,94.5,river
4388051.0,4596543.97,100.0,river
4388051.0,4597243.97,104.2,river
4388051.0,4597943.97,107.5,river
4388051.0,4598643.97,90.3,river
4388051.0,4599343.97,22.4,river
4388051.0,4600043.97,18.7,river
4388051.0,4600743.97,102.5,river
4388051.0,4601443.97,102.2,river
4388051.0,4602143.97,142.3,river
4388051.0,4602843.97,142.6,river
4388051.0,4603543.97,139.9,river
4388051.0,4604243.97,164.4,river
4388051.0,4604943.97,171.7,river
4388051.0,4605643.97,176.6,river
4388051.0,4606343.97,178.6,river
4388051.0,4607043.97,176.9,river
4388051.0,4607743.97,174.8,river
4388051.0,4608443.97,176.7,river
4388051.0,4609143.97,2.0,river
4388051.0,4609843.97,87.8,river
4388051.0,4610543.97,93.2,river
4388051.0,4611243.97,95.5,river
4388051.0,4611943.97,97.3,river
4388051.0,4612643.97,99.4,river
4388051.0,4613343.97,104.1,river
4388051.0,4614043.97,104.8,river
4388051.0,4614743.97,108.5,river
4388051.0,4615443.97,109.2,river
4388051.0,4616143.97,4.6,river
4388051.0,4616843.97,10.9,river
4388051.0,4617543.97,19.4,river
4388051.0,4618243.97,22.6,river
4388051.0,4618943.97,11.0,river
4388051.0,4619643.97,148.1,river
4388051.0,4620343.97,126.1,river
4388051.0,4621043.97,112.5,river
4388051.0,4621743.97,110.3,river
4388051.0,4622443.97,109.4,river
4388051.0,4623143.97,108.7,river
4388051.0,4623843.97,107.4,river
4388051.0,4624543.97,106.5,river
4388051.0,4625243.97,96.7,river
4388051.0,4625943.97,67.7,river
4388051.0,4626643.97,58.2,river
4388051.0,4627343.97,62.0,river
4388751.0,4593743.97,93.7,river
4388751.0,4594443.97,98.8,river
4388751.0,4595143.97,100.0,river
4388751.0,4595843.97,98.3,river
4388751.0,4596543.97,103.0,river
4388751.0,4597243.97,107.9,river
4388751.0,4597943.97,113.0,river
4388751.0,4598643.97,137.4,river
4388751.0,4599343.97,2.4,river
4388751.0,4600043.97,174.5,river
4388751.0,4600743.97,112.4,river
4388751.0,4601443.97,104.6,river
4388751.0,4602143.97,140.1,river
4388751.0,4602843.97,159.9,river
4388751.0,4603543.97,154.8,river
4388751.0,4604243.97,161.5,river
4388751.0,4604943.97,167.6,river
4388751.0,4605643.97,170.1,river
4388751.0,4606343.97,173.7,river
4388751.0,4607043.97,175.3,river
4388751.0,4607743.97,4.8,river
4388751.0,4608443.97,83.0,river
4388751.0,4609143.97,85.3,river
4388751.0,4609843.97,88.8,river
4388751.0,4610543.97,94.8,river
4388751.0,4611243.97,96.3,river
4388751.0,4611943.97,97.1,river
4388751.0,4612643.97,100.6,river
4388751.0,4613343.97,103.4,river
4388751.0,4614043.97,105.8,river
4388751.0,4614743.97,108.6,river
4388751.0,4615443.97,142.0,river
4388751.0,4616143.97,8.5,river
4388751.0,4616843.97,20.9,river
4388751.0,4617543.97,14.5,river
4388751.0,4618243.97,12.3,river
4388751.0,4618943.97,15.1,river
4388751.0,4619643.97,6.4,river
4388751.0,4620343.97,125.3,river
4388751.0,4621043.97,113.8,river
4388751.0,4621743.97,113.5,river
4388751.0,4622443.97,110.8,river
4388751.0,4623143.97,109.0,river
4388751.0,4623843.97,106.6,river
4388751.0,4624543.97,102.2,river
4388751.0,4625243.97,93.7,river
4388751.0,4625943.97,69.2,river
4388751.0,4626643.97,58.1,river
4389451.0,4592343.97,95.9,river
4389451.0,4593043.97,95.9,river
4389451.0,4593743.97,99.2,river
4389451.0,4594443.97,101.6,river
4389451.0,4595143.97,102.0,river
4389451.0,4595843.97,101.9,river
4389451.0,4596543.97,104.8,river
4389451.0,4597243.97,109.3,river
4389451.0,4597943.97,114.1,river
4389451.0,4598643.97,131.6,river
4389451.0,4599343.97,172.6,river
4389451.0,4600043.97,165.7,river
4389451.0,4600743.97,135.1,river
4389451.0,4601443.97,117.4,river
4389451.0,4602143.97,144.5,river
4389451.0,4602843.97,161.7,river
4389451.0,4603543.97,155.8,river
4389451.0,4604243.97,156.2,river
4389451.0,4604943.97,160.3,river
4389451.0,4605643.97,161.9,river
4389451.0,4606343.97,166.6,river
4389451.0,4607043.97,168.8,river
4389451.0,4607743.97,167.4,river
4389451.0,4608443.97,140.7,river
4389451.0,4609143.97,95.1,river
4389451.0,4609843.97,88.9,river
4389451.0,4610543.97,94.2,river
4389451.0,4611243.97,95.8,river
4389451.0,4611943.97,97.8,river
4389451.0,4612643.97,102.6,river
4389451.0,4613343.97,103.3,river
4389451.0,4614043.97,109.1,river
4389451.0,4614743.97,123.7,river
4389451.0,4615443.97,161.1,river
4389451.0,4616143.97,3.3,river
4389451.0,4616843.97,7.4,river
4389451.0,4617543.97,2.5,river
4389451.0,4618243.97,2.2,river
4389451.0,4618943.97,7.8,river
4389451.0,4619643.97,12.5,river
4389451.0,4620343.97,22.9,river
4389451.0,4621043.97,116.6,river
4389451.0,4621743.97,114.7,river
4389451.0,4622443.97,109.6,river
4389451.0,4623143.97,109.0,river
4389451.0,4623843.97,98.6,river
4389451.0,4624543.97,92.0,river
4389451.0,4625243.97,88.9,river
4389451.0,4625943.97,85.9,river
4390151.0,4588143.97,114.5,river
4390151.0,4588843.97,109.3,river
4390151.0,4589543.97,105.8,river
4390151.0,4590243.97,104.4,river
4390151.0,4590943.97,100.2,river
4390151.0,4591643.97,99.3,river
4390151.0,4592343.97,100.0,river
4390151.0,4593043.97,98.3,river
4390151.0,4593743.97,101.6,river
4390151.0,4594443.97,102.2,river
4390151.0,4595143.97,102.7,river
4390151.0,4595843.97,103.8,river
4390151.0,4596543.97,106.2,river
4390151.0,4597243.97,110.9,river
4390151.0,4597943.97,110.7,river
4390151.0,4598643.97,114.0,river
4390151.0,4599343.97,135.0,river
4390151.0,4600043.97,157.7,river
4390151.0,4600743.97,141.3,river
4390151.0,4601443.97,120.9,river
4390151.0,4602843.97,157.5,river
4390151.0,4603543.97,153.3,river
4390151.0,4604243.97,122.7,river
4390151.0,4604943.97,149.8,river
4390151.0,4605643.97,155.2,river
4390151.0,4606343.97,161.5,river
4390151.0,4607043.97,164.2,river
4390151.0,4607743.97,161.6,river
4390151.0,4608443.97,142.5,river
4390151.0,4609143.97,109.9,river
4390151.0,4609843.97,89.3,river
4390151.0,4610543.97,92.9,river
4390151.0,4611243.97,95.3,river
4390151.0,4611943.97,101.1,river
4390151.0,4612643.97,104.4,river
4390151.0,4613343.97,102.3,river
4390151.0,4614043.97,112.0,river
4390151.0,4614743.97,147.9,river
4390151.0,4615443.97,161.7,river
4390151.0,4616143.97,160.6,river
4390151.0,4616843.97,174.4,river
4390151.0,4617543.97,144.5,river
4390151.0,4618243.97,6.1,river
4390151.0,4618943.97,8.7,river
4390151.0,4619643.97,14.0,river
4390151.0,4620343.97,22.8,river
4390151.0,4621043.97,19.9,river
4390151.0,4621743.97,114.7,river
4390151.0,4622443.97,104.5,river
4390151.0,4623143.97,105.3,river
4390151.0,4623843.97,104.0,river
4390851.0,4586043.97,117.4,river
4390851.0,4586743.97,120.6,river
4390851.0,4587443.97,119.4,river
4390851.0,4588143.97,116.8,river
4390851.0,4588843.97,108.0,river
4390851.0,4589543.97,101.6,river
4390851.0,4590243.97,101.0,river
4390851.0,4590943.97,97.3,river
4390851.0,4591643.97,107.5,river
4390851.0,4592343.97,104.9,river
4390851.0,4593043.97,97.8,river
4390851.0,4593743.97,99.6,river
4390851.0,4594443.97,101.9,river
4390851.0,4595143.97,102.1,river
4390851.0,4595843.97,101.7,river
4390851.0,4596543.97,106.2,river
4390851.0,4597243.97,117.5,river
4390851.0,4597943.97,110.1,river
4390851.0,4598643.97,103.5,river
4390851.0,4599343.97,120.0,river
4390851.0,4600043.97,136.6,river
4390851.0,4600743.97,137.7,river
4390851.0,4601443.97,126.2,river
4390851.0,4602143.97,133.7,river
4390851.0,4603543.97,144.2,river
4390851.0,4604243.97,133.4,river
4390851.0,4607043.97,160.6,river
4390851.0,4607743.97,153.9,river
4390851.0,4608443.97,133.7,river
4390851.0,4609143.97,111.9,river
4390851.0,4609843.97,89.6,river
4390851.0,4610543.97,92.0,river
4390851.0,4611243.97,95.1,river
4390851.0,4611943.97,104.0,river
4390851.0,4612643.97,107.4,river
4390851.0,4613343.97,105.5,river
4390851.0,4614043.97,112.0,river
4390851.0,4614743.97,159.6,river
4390851.0,4615443.97,160.6,river
4390851.0,4616143.97,163.5,river
4390851.0,4616843.97,22.1,river
4390851.0,4617543.97,11.7,river
4390851.0,4618243.97,0.2,river
4390851.0,4618943.97,4.4,river
4390851.0,4619643.97,12.9,river
4391551.0,4584643.97,122.4,river
4391551.0,4585343.97,117.5,river
4391551.0,4586043.97,116.4,river
4391551.0,4586743.97,122.6,river
4391551.0,4587443.97,125.1,river
4391551.0,4588143.97,122.1,river
4391551.0,4588843.97,115.9,river
4391551.0,4589543.97,113.6,river
4391551.0,4590243.97,112.1,river
4391551.0,4590943.97,120.7,river
4391551.0,4591643.97,133.9,river
4391551.0,4592343.97,116.7,river
4391551.0,4593043.97,108.1,river
4391551.0,4593743.97,106.0,river
4391551.0,4594443.97,107.5,river
4391551.0,4595143.97,107.7,river
4391551.0,4595843.97,108.9,river
4391551.0,4596543.97,119.9,river
4391551.0,4597243.97,134.8,river
4391551.0,4599343.97,123.7,river
4391551.0,4600043.97,137.8,river
4391551.0,4600743.97,141.4,river
4391551.0,4604243.97,135.6,river
4391551.0,4607043.97,152.9,river
4391551.0,4607743.97,142.5,river
4391551.0,4608443.97,130.6,river
4391551.0,4609143.97,87.9,river
4391551.0,4609843.97,89.5,river
4391551.0,4610543.97,92.4,river
4391551.0,4611243.97,95.5,river
4391551.0,4611943.97,107.1,river
4391551.0,4612643.97,110.2,river
4391551.0,4613343.97,108.3,river
4391551.0,4614043.97,115.4,river
4391551.0,4614743.97,160.3,river
4391551.0,4615443.97,167.0,river
4391551.0,4616143.97,2.2,river
4391551.0,4616843.97,16.0,river
4391551.0,4617543.97,18.0,river
4391551.0,4618243.97,14.6,river
4392251.0,4584643.97,124.4,river
4392251.0,4585343.97,123.9,river
4392251.0,4586043.97,127.9,river
4392251.0,4586743.97,130.3,river
4392251.0,4587443.97,130.0,river
4392251.0,4588143.97,125.7,river
4392251.0,4588843.97,129.6,river
4392251.0,4589543.97,132.0,river
4392251.0,4590243.97,135.7,river
4392251.0,4590943.97,145.5,river
4392251.0,4591643.97,147.3,river
4392251.0,4592343.97,130.2,river
4392251.0,4593043.97,120.7,river
4392251.0,4593743.97,119.6,river
4392251.0,4594443.97,118.0,river
4392251.0,4595143.97,115.9,river
4392251.0,4595843.97,113.7,river
4392251.0,4596543.97,124.9,river
4392251.0,4597243.97,137.6,river
4392251.0,4599343.97,130.6,river
4392251.0,4600743.97,140.0,river
4392251.0,4607743.97,134.2,river
4392251.0,4608443.97,118.1,river
4392251.0,4609143.97,87.5,river
4392251.0,4610543.97,94.6,river
4392251.0,4611243.97,97.6,river
4392251.0,4616843.97,13.4,river
4392251.0,4617543.97,17.3,river
4392251.0,4618243.97,21.7,river
4392251.0,4618943.97,15.7,river
4392951.0,4583943.97,126.0,river
4392951.0,4584643.97,125.6,river
4392951.0,4585343.97,128.7,river
4392951.0,4586043.97,133.3,river
4392951.0,4586743.97,132.3,river
4392951.0,4587443.97,131.4,river
4392951.0,4588143.97,134.8,river
4392951.0,4588843.97,142.6,river
4392951.0,4589543.97,151.3,river
4392951.0,4590243.97,145.8,river
4392951.0,4590943.97,147.9,river
4392951.0,4591643.97,146.2,river
4392951.0,4592343.97,138.7,river
4392951.0,4593043.97,133.5,river
4392951.0,4593743.97,130.2,river
4392951.0,4594443.97,126.3,river
4392951.0,4596543.97,122.3,river
4392951.0,4607043.97,138.8,river
4392951.0,4618243.97,17.0,river
4392951.0,4618943.97,17.1,river
4393651.0,4576943.97,115.0,default
4393651.0,4582543.97,128.5,river
4393651.0,4583243.97,123.9,river
4393651.0,4583943.97,122.4,river
4393651.0,4584643.97,126.0,river
4393651.0,4585343.97,127.6,river
4393651.0,4586043.97,132.6,river
4393651.0,4586743.97,131.0,river
4393651.0,4587443.97,132.0,river
4393651.0,4588143.97,138.5,river
4393651.0,4588843.97,148.0,river
4393651.0,4591643.97,149.9,river
4393651.0,4592343.97,147.2,river
4393651.0,4593043.97,141.4,river
4393651.0,4593743.97,137.4,river
4393651.0,4618943.97,14.7,river
4393651.0,4619643.97,14.4,river
4394351.0,4577643.97,138.4,river
4394351.0,4581143.97,135.5,river
4394351.0,4581843.97,133.0,river
4394351.0,4582543.97,130.4,river
4394351.0,4583243.97,127.4,river
4394351.0,4583943.97,126.4,river
4394351.0,4584643.97,126.8,river
4394351.0,4585343.97,127.9,river
4394351.0,4586043.97,129.6,river
4394351.0,4586743.97,130.6,river
4394351.0,4587443.97,133.5,river
4394351.0,4588143.97,138.7,river
4394351.0,4591643.97,157.5,river
4394351.0,4592343.97,154.1,river
4394351.0,4593043.97,149.4,river
4394351.0,4618943.97,11.1,river
4394351.0,4619643.97,9.0,river
4395051.0,4577643.97,145.4,river
4395051.0,4578343.97,143.8,river
4395051.0,4580443.97,141.7,river
4395051.0,4581143.97,140.7,river
4395051.0,4581843.97,138.0,river
4395051.0,4582543.97,134.3,river
4395051.0,4583243.97,131.7,river
4395051.0,4583943.97,128.8,river
4395051.0,4584643.97,128.7,river
4395051.0,4585343.97,128.4,river
4395051.0,4586043.97,130.7,river
4395051.0,4586743.97,132.8,river
4395051.0,4587443.97,137.4,river
4395051.0,4592343.97,162.3,river
4395051.0,4618943.97,9.4,river
4395051.0,4619643.97,8.2,river
4395751.0,4578343.97,150.1,river
4395751.0,4579043.97,150.3,river
4395751.0,4579743.97,148.4,river
4395751.0,4580443.97,146.0,river
4395751.0,4581143.97,144.5,river
4395751.0,4581843.97,143.1,river
4395751.0,4582543.97,140.0,river
4395751.0,4583243.97,136.9,river
4395751.0,4583943.97,135.6,river
4395751.0,4584643.97,134.6,river
4395751.0,4585343.97,133.5,river
4395751.0,4586043.97,131.0,river
4395751.0,4586743.97,133.9,river
4395751.0,4592343.97,167.6,river
4395751.0,4618943.97,7.2,river
4395751.0,4619643.97,6.3,river
4396451.0,4578343.97,161.5,river
4396451.0,4579043.97,157.3,river
4396451.0,4579743.97,151.6,river
4396451.0,4580443.97,147.9,river
4396451.0,4581143.97,149.3,river
4396451.0,4581843.97,152.2,river
4396451.0,4582543.97,150.2,river
4396451.0,4583243.97,145.0,river
4396451.0,4583943.97,142.6,river
4396451.0,4584643.97,141.0,river
4396451.0,4585343.97,134.8,river
4396451.0,4586043.97,124.2,river
4396451.0,4592343.97,173.4,river
4396451.0,4618943.97,4.6,river
4396451.0,4619643.97,3.3,river
4396451.0,4620343.97,4.8,river
4396451.0,4621043.97,8.2,river
4396451.0,4621743.97,13.2,river
4396451.0,4622443.97,40.5,river
4397151.0,4579043.97,168.5,river
4397151.0,4579743.97,157.7,river
4397151.0,4580443.97,156.3,river
4397151.0,4581143.97,160.2,river
4397151.0,4581843.97,165.7,river
4397151.0,4583943.97,153.2,river
4397151.0,4584643.97,151.3,river
4397151.0,4585343.97,164.7,river
4397151.0,4586043.97,141.3,river
4397151.0,4592343.97,179.5,river
4397151.0,4618943.97,2.9,river
4397151.0,4619643.97,179.6,river
4397151.0,4623143.97,60.6,river
4397151.0,4623843.97,70.0,river
4397151.0,4624543.97,72.3,river
4397151.0,4625243.97,72.9,river
4397151.0,4625943.97,73.6,river
4397151.0,4626643.97,73.7,river
4397851.0,4578343.97,3.0,river
4397851.0,4579043.97,0.0,river
4397851.0,4579743.97,175.9,river
4397851.0,4580443.97,171.5,river
4397851.0,4581143.97,171.4,river
4397851.0,4581843.97,174.8,river
4397851.0,4584643.97,12.0,river
4397851.0,4585343.97,33.6,river
4397851.0,4592343.97,1.7,river
4397851.0,4618243.97,179.4,river
4398551.0,4578343.97,10.2,river
4398551.0,4579043.97,8.0,river
4398551.0,4579743.97,7.4,river
4398551.0,4580443.97,2.4,river
4398551.0,4581143.97,179.8,river
4398551.0,4581843.97,0.8,river
4398551.0,4585343.97,35.7,river
4398551.0,4586043.97,43.2,river
4399251.0,4578343.97,15.9,river
4399251.0,4579043.97,12.9,river
4399251.0,4579743.97,16.0,river
4399251.0,4580443.97,10.8,river
4399251.0,4581143.97,6.1,river
4399251.0,4581843.97,4.8,river
4399251.0,4586043.97,47.4,river
4399251.0,4586743.97,60.0,river
4399251.0,4587443.97,64.7,river
4399951.0,4578343.97,16.6,river
4399951.0,4579043.97,14.6,river
4399951.0,4579743.97,17.8,river
4399951.0,4580443.97,17.3,river
4399951.0,4581143.97,10.6,river
4399951.0,4581843.97,7.4,river
4400651.0,4578343.97,17.7,river
4400651.0,4579043.97,15.7,river
4400651.0,4579743.97,17.0,river
4400651.0,4580443.97,18.7,river
4400651.0,4581143.97,13.1,river
4400651.0,4581843.97,6.4,river
4400651.0,4582543.97,13.2,river
4401351.0,4578343.97,18.6,river
4401351.0,4581143.97,14.0,river
4401351.0,4581843.97,2.1,river
4401351.0,4583243.97,33.8,river
4401351.0,4583943.97,48.2,river
4401351.0,4584643.97,58.8,river
4401351.0,4585343.97,60.0,river
4402051.0,4585343.97,62.6,river
