mode,fold,Well_ID,logK_obs,logK_pred,logK_sd,h_obs,h_pred,h_sd,cov90_K,cov90_h
base,1,P3,5.29831736654804,5.30450134277344,0.0906250180585512,24,32.8365762074788,1.52627033895197,1,0
base,1,P5,5.29831736654804,5.26635917027791,0.097981935151553,38,33.0696855545044,1.81487411666745,1,0
base,1,P10,5.29831736654804,5.26032021840413,0.0742679014634107,37,33.130336634318,1.88406397123362,1,0
base,1,P12,3.91202300542815,5.27835116386414,0.0658297663484341,25,33.2976644515991,1.71175732411718,0,0
base,1,P19,4.86753445045558,4.24838799635569,0.134428116760837,4,8.45860646565755,1.76292978187217,0,0
base,1,R8,4.86753445045558,4.63093638420105,0.08607899499973,10,14.6981158256531,1.56233186573808,0,0
base,1,A4,5.29831736654804,5.3313233534495,0.0958930180407795,26,32.2441265106201,1.98576915942446,1,0
base,1,A23,3.91202300542815,3.96607879797618,0.0658691959901173,45,33.0347018559774,1.6057554628012,1,0
base,2,P13,3.91202300542815,3.95001163482666,0.100511863964061,35,32.3492204666138,2.01319641059269,1,1
base,2,P21,4.60517018598809,4.52677779197693,0.0833897247609967,32,25.5134574890137,1.92055332370022,1,0
base,2,R12,4.60517018598809,4.60162161191305,0.0938061860333786,20,14.7627867062887,1.73430276523977,1,0
base,2,R15,4.60517018598809,4.55771449406942,0.0872051283272342,20,18.0140068372091,1.67505413575882,1,1
base,2,A1,5.29831736654804,5.21076108614604,0.0918831508686444,38,31.9840136210124,1.83114198427088,1,0
base,2,A18,3.91202300542815,4.30482460657756,0.132866663417151,15,16.773344707489,1.50648560266075,0,1
base,2,A25,3.91202300542815,4.03878750006358,0.121216457853691,25,31.1657934188843,1.75776341966226,1,0
base,2,A30,5.29831736654804,5.24163293838501,0.0573703058764873,36,32.1419813156128,1.64359559707914,1,0
base,3,P9,5.01063529409626,4.78744316101074,0.221606726477482,40,32.1465001424154,1.2761064536038,1,0
base,3,P15,3.91202300542815,3.94310840765635,0.10483113420976,45,32.3185967127482,1.66407991810421,1,0
base,3,A3,5.29831736654804,5.2706279595693,0.0858809722908821,14,32.0502791722616,1.65713763631769,1,0
base,3,A9,5.29831736654804,5.09660302797953,0.108690958096518,30,31.8091378529867,1.92811582005417,0,1
base,3,A20,4.60517018598809,4.41846350034078,0.117534630160527,25,29.6995616912842,1.40266794489689,1,0
base,3,A21,4.86753445045558,4.72929507891337,0.0816979665767227,6,11.5897307078044,1.95943501206034,0,0
base,3,A28,5.29831736654804,5.24271087646484,0.117743551412787,44,31.8375858306885,1.39668169662162,1,0
base,4,R11,4.24849524204936,4.53133344650269,0.0757790556366589,7,17.0843055407206,1.98135335146125,0,0
base,4,R13,4.60517018598809,4.55214659372966,0.0851894735349476,20,17.5686491648356,1.38945853934778,1,0
base,4,A11,3.91202300542815,3.91959383487701,0.0801007672091106,30,32.3765626271566,1.8349478980849,1,1
base,4,A12,4.60517018598809,4.50482943852743,0.0811942927052462,26,21.6908438364665,1.80732079519653,1,0
base,4,A14,4.86753445045558,4.88103609085083,0.0978150002330832,4,9.05021702448527,2.27599807676385,1,0
base,4,A17,4.60517018598809,4.53460027376811,0.0883184874975295,25,24.9097778320312,1.31738480883868,1,1
base,4,A24,3.91202300542815,3.93576812744141,0.0764140106212787,35,31.6541224161784,1.80468601730207,1,0
base,5,P4,5.29831736654804,5.26272201538086,0.0990188804017568,36,33.0541793187459,1.34533746681339,1,0
base,5,P17,5.29831736654804,3.95375701586405,0.114877170681291,25,32.8660723368327,1.68013760782563,0,0
base,5,P20,4.60517018598809,4.44189105033874,0.105210519400219,20,18.0146571795146,1.93496720054985,1,1
base,5,R16,4.60517018598809,4.56123331387838,0.0857580529435283,26,20.8440846761068,1.63821758677024,1,0
base,5,A5,5.29831736654804,5.19586758613586,0.105172730952807,40,32.9105879465739,1.69345428218726,1,0
base,5,A10,5.29831736654804,3.98830350240072,0.119511259524824,25,32.7905818939209,1.5231480744489,0,0
base,5,A13,4.60517018598809,4.12603271007538,0.137432358011808,25,31.2050351460775,1.51923827690359,0,0
+L5,1,P3,5.29831736654804,5.16662656466166,0.0549720110626312,24,32.3427282333374,1.79346382062292,0,0
+L5,1,P5,5.29831736654804,5.19463067054749,0.0567238537923198,38,32.9703015645345,1.88981405706099,0,0
+L5,1,P10,5.29831736654804,5.07778299649557,0.0637844226261345,37,32.6354671478271,1.66935506723392,0,0
+L5,1,P12,3.91202300542815,5.09904910723368,0.0458783843185195,25,32.9582239151001,2.0583697458657,0,0
+L5,1,P19,4.86753445045558,4.63089669545492,0.0542377287540531,4,9.04669691721598,2.14310334138498,0,0
+L5,1,R8,4.86753445045558,4.49941167831421,0.0647956944169447,10,14.7381839116414,1.86233034425993,0,0
+L5,1,A4,5.29831736654804,5.17326318422953,0.0573874876287184,26,32.8547063191732,1.99483704491958,0,0
+L5,1,A23,3.91202300542815,4.15541450182597,0.0709902309594058,45,32.5799204508464,2.00037549828013,0,0
+L5,2,P13,3.91202300542815,4.20260411898295,0.060672513025676,35,31.2242801030477,2.06979915775781,0,0
+L5,2,P21,4.60517018598809,4.47044102350871,0.056218716760237,32,25.0129812876383,1.63405859789988,0,0
+L5,2,R12,4.60517018598809,4.59595092137655,0.0466373780014104,20,15.3602533976237,1.67665435973555,1,0
+L5,2,R15,4.60517018598809,4.52132679621379,0.0571347887123031,20,18.4749047279358,1.49108245766247,1,1
+L5,2,A1,5.29831736654804,5.1174587726593,0.0512597534212792,38,31.5667059580485,1.91485222131634,0,0
+L5,2,A18,3.91202300542815,4.55722969373067,0.0499253531066382,15,17.0827451705933,1.6747747119298,0,1
+L5,2,A25,3.91202300542815,4.38218653996786,0.0813571568943076,25,31.7050680160522,1.81402263408832,0,0
+L5,2,A30,5.29831736654804,5.12324663798014,0.0568186014768587,36,32.5416711171468,1.39624059742339,0,0
+L5,3,P9,5.01063529409626,4.74434590339661,0.0626266502620788,40,32.2448240915934,1.63979223153432,0,0
+L5,3,P15,3.91202300542815,4.25337514877319,0.0527198481734997,45,32.2988698323568,2.02477378718613,0,0
+L5,3,A3,5.29831736654804,5.18017069498698,0.0750370899976145,14,32.1035308202108,1.54689998560096,1,0
+L5,3,A9,5.29831736654804,5.08037919998169,0.0620382221056309,30,32.587054570516,1.73322073363953,0,1
+L5,3,A20,4.60517018598809,4.37226572036743,0.0764958386726129,25,29.3841234207153,1.6657992607997,0,0
+L5,3,A21,4.86753445045558,4.56322803497314,0.0683122136325933,6,10.9155482292175,1.75296178121414,0,0
+L5,3,A28,5.29831736654804,5.16434655189514,0.0878501810666089,44,32.2990396499634,1.86808058575793,1,0
+L5,4,R11,4.24849524204936,4.54623106320699,0.0638065092332453,7,16.7668479283651,2.28323781257775,0,0
+L5,4,R13,4.60517018598809,4.51461450258891,0.0645745142221138,20,17.638579305013,1.65101025751213,1,1
+L5,4,A11,3.91202300542815,4.24046220779419,0.0576138946807078,30,32.5754951477051,1.2195464870529,0,0
+L5,4,A12,4.60517018598809,4.44300206502279,0.0485797312924962,26,21.2886090596517,1.84755697583583,0,0
+L5,4,A14,4.86753445045558,4.73369162877401,0.0838378925816558,4,8.27332293192546,1.89324159073287,1,0
+L5,4,A17,4.60517018598809,4.42868895530701,0.0580829010453197,25,24.5767095565796,2.00533001868983,0,1
+L5,4,A24,3.91202300542815,4.25612468719482,0.0649836489746243,35,32.0792561213175,1.87887732868905,0,1
+L5,5,P4,5.29831736654804,5.1647555510203,0.0681327929793011,36,33.3568704605103,1.8322362355449,0,1
+L5,5,P17,5.29831736654804,4.77291917800903,0.0758610211355516,25,32.9189509073893,1.68472926090914,0,0
+L5,5,P20,4.60517018598809,4.4603968779246,0.057033157974819,20,17.5769583384196,1.39562605859706,0,0
+L5,5,R16,4.60517018598809,4.41907307306925,0.0544499980635678,26,21.1666307449341,1.54249181479935,0,0
+L5,5,A5,5.29831736654804,4.91321099599203,0.0849047663905429,40,33.4713401794434,1.75222677880519,0,0
+L5,5,A10,5.29831736654804,4.81564151446025,0.0730064517423176,25,33.0019924799601,1.61638748004688,0,0
+L5,5,A13,4.60517018598809,4.26455262502034,0.0808260644472608,25,30.4685441335042,1.37572657725558,0,0
+L6,1,P3,5.29831736654804,5.33206825256348,0.0774423321711109,24,32.482993888855,1.58824279460319,1,0
+L6,1,P5,5.29831736654804,5.27791476249695,0.0737804756462164,38,33.2356562296549,1.8230805675651,1,0
+L6,1,P10,5.29831736654804,5.2644903977712,0.0666158228957028,37,32.4751876831055,1.72230242451563,1,0
+L6,1,P12,3.91202300542815,5.24328204790751,0.0967473302540542,25,32.7694451014201,1.14317721782054,0,0
+L6,1,P19,4.86753445045558,4.21586880683899,0.0994192628384075,4,8.7099087079366,2.32504617115107,0,0
+L6,1,R8,4.86753445045558,4.63411412239075,0.0569010082684521,10,14.6411235491435,2.11659417667103,0,0
+L6,1,A4,5.29831736654804,5.33793832461039,0.0664875293827363,26,32.457370185852,1.68246733670829,1,0
+L6,1,A23,3.91202300542815,3.97371586163839,0.0815418673390126,45,33.1665535608927,1.35674613424461,1,0
+L6,2,P13,3.91202300542815,4.00308573246002,0.107543204111772,35,31.8899695078532,1.27963420471239,1,0
+L6,2,P21,4.60517018598809,4.55078852971395,0.0878768247648419,32,25.7821392059326,1.80161617146261,1,0
+L6,2,R12,4.60517018598809,4.54951151212056,0.120995817006472,20,15.1173298835754,2.06777713350775,1,0
+L6,2,R15,4.60517018598809,4.54623646736145,0.0770105939552978,20,18.422331237793,1.77886688822842,1,1
+L6,2,A1,5.29831736654804,5.23331085840861,0.0706194182334893,38,32.6239282608032,1.75815942078499,1,0
+L6,2,A18,3.91202300542815,4.26349932352702,0.124211614501603,15,16.9965713818868,1.45427220184017,0,1
+L6,2,A25,3.91202300542815,4.05278729597727,0.0861753340816189,25,31.6450009028117,1.57424292707793,1,0
+L6,2,A30,5.29831736654804,5.24084383646647,0.10301641526133,36,33.0398065567017,1.87047648521812,1,1
+L6,3,P9,5.01063529409626,4.8144740263621,0.179540458078446,40,32.4678531010946,1.58239520993208,1,0
+L6,3,P15,3.91202300542815,4.0065469344457,0.140967939687009,45,32.4798590342204,1.46904970227355,1,0
+L6,3,A3,5.29831736654804,5.24829947153727,0.0995287278476381,14,32.0058617273966,1.7026171330017,1,0
+L6,3,A9,5.29831736654804,5.07819024721781,0.117886885848306,30,31.9852820714315,1.53554461148979,0,1
+L6,3,A20,4.60517018598809,4.39345043500265,0.097133708602403,25,29.4262201944987,1.72073711224793,0,0
+L6,3,A21,4.86753445045558,4.73273927370707,0.0892390992311932,6,10.9308883666992,1.75486944225547,1,0
+L6,3,A28,5.29831736654804,5.18062515258789,0.0948183935950599,44,31.9706727981567,1.84663177019232,1,0
+L6,4,R11,4.24849524204936,4.41023672421773,0.106055529383035,7,16.7423653920492,1.72926420873957,1,0
+L6,4,R13,4.60517018598809,4.45600055058797,0.0756267944309338,20,17.7232044855754,2.06778227268933,0,1
+L6,4,A11,3.91202300542815,3.93266203403473,0.0786193235436852,30,32.23604443868,1.91874519281211,1,1
+L6,4,A12,4.60517018598809,4.55051461855571,0.120316511769598,26,21.5806343078613,1.9993429571345,1,0
+L6,4,A14,4.86753445045558,4.86008124351501,0.0830362810202778,4,8.18424943288167,2.0654221271466,1,0
+L6,4,A17,4.60517018598809,4.57863151232401,0.0798217483447201,25,24.8763788859049,1.89585107089465,1,1
+L6,4,A24,3.91202300542815,3.93219270706177,0.0951851211310653,35,32.2329867045085,1.66835592711464,1,0
+L6,5,P4,5.29831736654804,5.26927048365275,0.100641288528473,36,33.5091213862101,1.75066238120518,1,1
+L6,5,P17,5.29831736654804,3.94293403625488,0.115837880811391,25,32.8441979090373,1.78932306785756,0,0
+L6,5,P20,4.60517018598809,4.48712466557821,0.110833076955524,20,17.5998736381531,2.25162158989551,1,1
+L6,5,R16,4.60517018598809,4.55015538533529,0.113844029108877,26,20.4522883733114,1.68155157770425,1,0
+L6,5,A5,5.29831736654804,5.19171113967896,0.0825794890321656,40,33.2356063206991,1.55214913041834,1,0
+L6,5,A10,5.29831736654804,4.01179559230804,0.118691868143646,25,32.7410501480103,2.07921141944498,0,0
+L6,5,A13,4.60517018598809,4.17245175043742,0.125440417792283,25,31.5402983983358,1.7341333521165,0,0
+L7,1,P3,5.29831736654804,5.3364844640096,0.0751718467963905,24,32.2232102076213,1.84033550432863,1,0
+L7,1,P5,5.29831736654804,5.23174829483032,0.0718309169804805,38,33.0828884124756,1.89666721516148,1,0
+L7,1,P10,5.29831736654804,5.23902605374654,0.0840939449477023,37,32.5738745371501,1.951429140149,1,0
+L7,1,P12,3.91202300542815,5.22861409187317,0.085009695752871,25,32.8204288482666,1.68220301013105,0,0
+L7,1,P19,4.86753445045558,4.43372281392415,0.129282065916095,4,8.27924365997314,1.22506092065471,0,0
+L7,1,R8,4.86753445045558,4.64799079895019,0.0787912882221763,10,14.6414749781291,1.66614660351106,0,0
+L7,1,A4,5.29831736654804,5.30901697476705,0.0692112689546542,26,33.2319224039714,2.0906830154701,1,0
+L7,1,A23,3.91202300542815,3.99267776012421,0.0980452917687285,45,32.697238667806,1.54249699428857,1,0
+L7,2,P13,3.91202300542815,4.00108690261841,0.0882948795936126,35,31.2593994776408,2.54584881445588,1,1
+L7,2,P21,4.60517018598809,4.51967393557231,0.0718781551685296,32,25.1203364690145,1.78486470611841,1,0
+L7,2,R12,4.60517018598809,4.69561848640442,0.0752739182261838,20,15.2938743591309,1.65228786063933,1,0
+L7,2,R15,4.60517018598809,4.55673464139303,0.0872692208670462,20,19.0688217798869,1.77545944610348,1,1
+L7,2,A1,5.29831736654804,5.2229364713033,0.0839911125957898,38,32.7404366175334,1.8014974595747,1,0
+L7,2,A18,3.91202300542815,4.63462977409363,0.0726038758694907,15,17.4487741788228,2.31785641482859,0,1
+L7,2,A25,3.91202300542815,4.13340187867483,0.123860017967484,25,31.6292004267375,2.10799741765962,0,0
+L7,2,A30,5.29831736654804,5.22923727035522,0.0906150372458951,36,32.5634343465169,2.02705774598333,1,0
+L7,3,P9,5.01063529409626,4.81797405878703,0.181514023049911,40,32.5695885976156,1.63072943832616,1,0
+L7,3,P15,3.91202300542815,4.06718240578969,0.122937819713319,45,32.61482518514,1.53397035888315,1,0
+L7,3,A3,5.29831736654804,5.129731798172,0.125186475351169,14,32.573499361674,1.11464631636802,1,0
+L7,3,A9,5.29831736654804,5.09322913487752,0.127360378438614,30,31.7409870783488,1.90587139837944,1,1
+L7,3,A20,4.60517018598809,4.41125847498576,0.110023849327586,25,29.492812983195,1.46194047666078,0,0
+L7,3,A21,4.86753445045558,4.75100081761678,0.0889644008198666,6,10.7137526512146,1.54658312747398,1,0
+L7,3,A28,5.29831736654804,5.19672028223674,0.109041253038832,44,32.3235487620036,1.58707428238639,1,0
+L7,4,R11,4.24849524204936,4.45702172915141,0.100595393403647,7,16.6243176778158,1.54569084551405,0,0
+L7,4,R13,4.60517018598809,4.49151447614034,0.106400933414704,20,18.2080562909444,1.52552779968236,1,1
+L7,4,A11,3.91202300542815,3.98957773049672,0.0768755911063205,30,32.8045635859172,1.74350482975804,1,1
+L7,4,A12,4.60517018598809,4.56796116828918,0.0826375789947242,26,21.2167407989502,1.78487740540141,1,0
+L7,4,A14,4.86753445045558,4.88510926564534,0.0899647651543364,4,8.92151308059692,1.95438845023776,1,0
+L7,4,A17,4.60517018598809,4.53227825164795,0.0860123254571365,25,24.9759949366252,1.73027302272712,1,1
+L7,4,A24,3.91202300542815,3.98280162016551,0.0907626318113311,35,32.5217913309733,1.4547028192557,1,0
+L7,5,P4,5.29831736654804,5.29552593231201,0.0749664530356619,36,32.6072724024455,1.84526031358526,1,0
+L7,5,P17,5.29831736654804,4.06903592745463,0.0900836107951827,25,33.1279036839803,1.6831000584299,0,0
+L7,5,P20,4.60517018598809,4.48779333432516,0.079731089492087,20,17.3200451533,1.76035083870106,1,1
+L7,5,R16,4.60517018598809,4.58379564285278,0.0944960829086196,26,21.2304262797038,1.71446556191388,1,0
+L7,5,A5,5.29831736654804,5.2112824122111,0.121862332899365,40,32.1784210205078,1.57029506224924,1,0
+L7,5,A10,5.29831736654804,4.08655620416005,0.105539108059798,25,32.6564670562744,1.55222332364175,0,0
+L7,5,A13,4.60517018598809,4.12892235914866,0.11206430205362,25,31.4547850926717,1.60406386103847,0,0
+L5+L6,1,P3,5.29831736654804,5.15450698534648,0.0744451405496561,24,31.5978396733602,1.6475136053687,0,0
+L5+L6,1,P5,5.29831736654804,5.19750138918559,0.0551507188738548,38,32.9573389053345,1.75093328204135,0,0
+L5+L6,1,P10,5.29831736654804,5.09774130185445,0.054327974482646,37,32.5548744837443,1.67501533599343,0,0
+L5+L6,1,P12,3.91202300542815,5.06099190711975,0.092390623819211,25,32.2682240804036,1.73076687505132,0,0
+L5+L6,1,P19,4.86753445045558,4.6242022673289,0.0735218053434775,4,9.16124149958293,1.92427077480763,0,0
+L5+L6,1,R8,4.86753445045558,4.48170307477315,0.0761383996656441,10,15.0390995979309,1.69007226438024,0,0
+L5+L6,1,A4,5.29831736654804,5.17917076746623,0.0574277133152433,26,32.2805508295695,1.65855396912999,0,0
+L5+L6,1,A23,3.91202300542815,4.18086128234863,0.0644339579275984,45,31.7853661855062,2.4201501145808,0,0
+L5+L6,2,P13,3.91202300542815,4.19457054138184,0.0647323942658276,35,31.6860972086589,1.73862030484047,0,0
+L5+L6,2,P21,4.60517018598809,4.48065438270569,0.0545498245420558,32,25.6280452092489,1.77072878339421,0,0
+L5+L6,2,R12,4.60517018598809,4.57488079071045,0.055805542381798,20,15.6175990104675,1.68301949260121,1,0
+L5+L6,2,R15,4.60517018598809,4.52320532798767,0.0602215161044674,20,18.3786686897278,1.51403759816565,1,1
+L5+L6,2,A1,5.29831736654804,5.11990302403768,0.0600783144562399,38,32.630863126119,1.91403528614476,0,0
+L5+L6,2,A18,3.91202300542815,4.56144646008809,0.06897873401076,15,17.3730444908142,1.64845553295335,0,1
+L5+L6,2,A25,3.91202300542815,4.4036322593689,0.0713364557847613,25,31.758823076884,1.78348846653609,0,0
+L5+L6,2,A30,5.29831736654804,5.1396577835083,0.0652696903309337,36,32.482143274943,1.75626190293729,0,0
+L5+L6,3,P9,5.01063529409626,4.71890056927999,0.0687354104952552,40,32.5664573669434,1.53498364944791,0,0
+L5+L6,3,P15,3.91202300542815,4.2567211151123,0.0645195570147952,45,32.7974232355754,1.6227248386473,0,0
+L5+L6,3,A3,5.29831736654804,5.16495102246602,0.0647700717609491,14,32.0616701761882,1.41512028260057,0,0
+L5+L6,3,A9,5.29831736654804,5.08981467882792,0.0667262944321605,30,32.3423025767008,1.79954597181159,0,1
+L5+L6,3,A20,4.60517018598809,4.39611372947693,0.0626687600917232,25,29.4052714665731,1.52166030274451,0,0
+L5+L6,3,A21,4.86753445045558,4.57635849316915,0.0488026340222774,6,10.8841300646464,1.55930482344332,0,0
+L5+L6,3,A28,5.29831736654804,5.14011611938477,0.0565054923419392,44,32.2361806233724,1.19863607183001,0,0
+L5+L6,4,R11,4.24849524204936,4.53046224912008,0.0695320809335214,7,16.9925094922384,1.70042128607726,0,0
+L5+L6,4,R13,4.60517018598809,4.47957019805908,0.0635700612188085,20,18.0298572222392,1.81567301229938,0,1
+L5+L6,4,A11,3.91202300542815,4.23713715871175,0.0728613913475036,30,32.4542790095011,1.60445564320096,0,1
+L5+L6,4,A12,4.60517018598809,4.42475622495015,0.0595143293265729,26,21.2467356999715,1.83980008753543,0,0
+L5+L6,4,A14,4.86753445045558,4.73684295018514,0.0631252432563137,4,8.39963658650716,2.40327370302388,0,0
+L5+L6,4,A17,4.60517018598809,4.42041403452555,0.061339741045095,25,24.791870880127,1.81949182037914,0,1
+L5+L6,4,A24,3.91202300542815,4.26268097559611,0.0610424674451492,35,32.4393109003703,1.65278433497505,0,1
+L5+L6,5,P4,5.29831736654804,5.14359793663025,0.0536179406342313,36,33.1708678563436,2.05220688122389,0,1
+L5+L6,5,P17,5.29831736654804,4.74398655891418,0.0596330479836361,25,33.1806780497233,2.02090519590649,0,0
+L5+L6,5,P20,4.60517018598809,4.44677413304647,0.0511785207144099,20,17.484016418457,2.07089419266476,0,1
+L5+L6,5,R16,4.60517018598809,4.41284726460775,0.061469374597563,26,21.0948499679565,1.48157408121117,0,0
+L5+L6,5,A5,5.29831736654804,4.90592999458313,0.0697491264302243,40,33.5823253631592,1.55967033886256,0,0
+L5+L6,5,A10,5.29831736654804,4.82436378796895,0.0582034052794912,25,32.8256740570068,1.4677004493056,0,0
+L5+L6,5,A13,4.60517018598809,4.24573629697164,0.077395532203818,25,31.2846335728963,1.72460282564408,0,0
+L5+L7,1,P3,5.29831736654804,5.13284196853638,0.0581098893314596,24,32.6368242899577,1.34369679144874,0,0
+L5+L7,1,P5,5.29831736654804,5.17410686810811,0.0574320250598191,38,32.874497350057,1.7695556794583,0,0
+L5+L7,1,P10,5.29831736654804,5.09529198010763,0.0677771369929047,37,32.2425089518229,1.51609515903867,0,0
+L5+L7,1,P12,3.91202300542815,5.07595467567444,0.0825587621445649,25,32.8865600585938,1.49996447218621,0,0
+L5+L7,1,P19,4.86753445045558,4.61318718592326,0.0655204416243786,4,8.97344646453857,1.91833937699001,0,0
+L5+L7,1,R8,4.86753445045558,4.50895195007324,0.0671133202708277,10,14.2580019315084,1.52815352722098,0,0
+L5+L7,1,A4,5.29831736654804,5.1730020682017,0.0539669545555854,26,32.4575700759888,1.70118314760119,0,0
+L5+L7,1,A23,3.91202300542815,4.17129955291748,0.0614817373760951,45,32.8461802164714,1.74979695853088,0,0
+L5+L7,2,P13,3.91202300542815,4.22642523447673,0.0773488626417838,35,32.5087317148844,1.90147101868729,0,1
+L5+L7,2,P21,4.60517018598809,4.48931310971578,0.0617851747949627,32,25.3222736358643,1.52034040931112,0,0
+L5+L7,2,R12,4.60517018598809,4.58825214703878,0.0634837010042083,20,14.4770325660706,1.46692898155376,1,0
+L5+L7,2,R15,4.60517018598809,4.51686466534932,0.068118545450581,20,17.9297593752543,2.17824070718868,1,1
+L5+L7,2,A1,5.29831736654804,5.1087215423584,0.0646098824712184,38,32.5219347635905,1.7625072427757,0,0
+L5+L7,2,A18,3.91202300542815,4.58351001739502,0.0654905275135042,15,17.9644440968831,2.31970967235699,0,1
+L5+L7,2,A25,3.91202300542815,4.39718820254008,0.08552754484784,25,31.6884452819824,1.82820280439969,0,0
+L5+L7,2,A30,5.29831736654804,5.11611026128133,0.0706283074430548,36,32.2311416625977,1.9269850289736,0,0
+L5+L7,3,P9,5.01063529409626,4.70276141166687,0.0678763342276647,40,32.5394503911336,1.33618144928467,0,0
+L5+L7,3,P15,3.91202300542815,4.22943091392517,0.0840340929754526,45,32.3744696935018,1.77467912692233,0,0
+L5+L7,3,A3,5.29831736654804,5.03649675051371,0.0657337804130722,14,32.4860910415649,1.48217175745083,0,0
+L5+L7,3,A9,5.29831736654804,5.0714954217275,0.064588025930742,30,32.2212664286296,1.77828948545928,0,1
+L5+L7,3,A20,4.60517018598809,4.37563622792562,0.0441440021419287,25,29.0332541783651,1.64051550136656,0,0
+L5+L7,3,A21,4.86753445045558,4.60061736106873,0.0460983055834851,6,10.6921491940816,1.91224059031535,0,0
+L5+L7,3,A28,5.29831736654804,5.12963383992513,0.0620133521987094,44,32.8232857386271,1.85719664529509,0,0
+L5+L7,4,R11,4.24849524204936,4.55045612653096,0.0711999759148759,7,16.5030369758606,2.2296925013366,0,0
+L5+L7,4,R13,4.60517018598809,4.52572331428528,0.0482481490059019,20,17.303848139445,1.25341232904045,0,0
+L5+L7,4,A11,3.91202300542815,4.24473071098328,0.0575723485633977,30,32.5264717737834,1.49762710246134,0,0
+L5+L7,4,A12,4.60517018598809,4.46941784222921,0.0670755746103193,26,21.3968334833781,1.96066875248666,0,0
+L5+L7,4,A14,4.86753445045558,4.7429571946462,0.0535453183005643,4,8.43110275268555,2.13401974524911,0,0
+L5+L7,4,A17,4.60517018598809,4.46071228981018,0.0680042548702383,25,24.5920087178548,1.52683000546906,0,1
+L5+L7,4,A24,3.91202300542815,4.26444741884867,0.0760979848167492,35,32.6509108225505,1.64403066808552,0,1
+L5+L7,5,P4,5.29831736654804,5.1594056447347,0.0725690954790571,36,32.6002425511678,2.48747922015229,0,1
+L5+L7,5,P17,5.29831736654804,4.75920759836833,0.0757844389946784,25,32.7086878458659,1.23645683533224,0,0
+L5+L7,5,P20,4.60517018598809,4.45788059234619,0.0593115452458418,20,17.4295277277629,2.11238361664757,0,1
+L5+L7,5,R16,4.60517018598809,4.43205908139547,0.0680054797199089,26,21.3865557352702,1.74362429619164,0,0
+L5+L7,5,A5,5.29831736654804,4.90535689989726,0.0724879591989888,40,33.3300312678019,1.9464298037569,0,0
+L5+L7,5,A10,5.29831736654804,4.76856425603231,0.0658229122126666,25,32.9609171549479,1.73314913105634,0,0
+L5+L7,5,A13,4.60517018598809,4.26667203903198,0.0574320196605165,25,30.0254058202108,1.72625188909728,0,0
+L6+L7,1,P3,5.29831736654804,5.29081711769104,0.0674091654602659,24,32.8330093383789,1.7582487893052,1,0
+L6+L7,1,P5,5.29831736654804,5.24187014897664,0.108876787461172,38,32.4465508143107,1.93031969693767,1,0
+L6+L7,1,P10,5.29831736654804,5.24375561078389,0.0696483997401052,37,32.7649728775024,1.78596086462441,1,0
+L6+L7,1,P12,3.91202300542815,5.24940729141235,0.069751017457352,25,32.3367341359456,1.26867285066388,0,0
+L6+L7,1,P19,4.86753445045558,4.42749417622884,0.103355145150889,4,9.59571059544881,2.27719608468079,0,0
+L6+L7,1,R8,4.86753445045558,4.67622098922729,0.0901685421033383,10,15.0574475288391,1.81339427184176,0,0
+L6+L7,1,A4,5.29831736654804,5.32139495213826,0.0632747914052482,26,31.9659135818481,1.73393471997554,1,0
+L6+L7,1,A23,3.91202300542815,4.00937767823537,0.0728175410412767,45,33.3756993611654,1.23768112358183,1,0
+L6+L7,2,P13,3.91202300542815,3.99860156377157,0.0968414769291578,35,31.439297803243,1.81048320698988,1,0
+L6+L7,2,P21,4.60517018598809,4.56185202598572,0.0800002421899281,32,24.7742434183757,2.20838196443444,1,0
+L6+L7,2,R12,4.60517018598809,4.72795713742574,0.0898632271365887,20,14.6795911471049,1.64252151643997,1,0
+L6+L7,2,R15,4.60517018598809,4.57882277170817,0.0626313283171367,20,17.3776171366374,1.3683441400436,1,0
+L6+L7,2,A1,5.29831736654804,5.25530624389648,0.0614205578766918,38,32.6223355611165,1.81091691483031,1,0
+L6+L7,2,A18,3.91202300542815,4.64807176589966,0.0744283038249243,15,16.9145195325216,1.59002913911917,0,1
+L6+L7,2,A25,3.91202300542815,4.12969234784444,0.0987447797426519,25,31.251221593221,1.63328709050732,0,0
+L6+L7,2,A30,5.29831736654804,5.23180027008057,0.0693207521482755,36,32.2881135304769,1.64069612695488,1,0
+L6+L7,3,P9,5.01063529409626,4.7073029200236,0.201889754782947,40,32.1767575581868,1.6678892183706,1,0
+L6+L7,3,P15,3.91202300542815,3.99841462771098,0.135125797395279,45,32.6728560765584,1.42315239401426,1,0
+L6+L7,3,A3,5.29831736654804,5.08403353691101,0.100322336691263,14,31.7127115885417,2.02672212009341,0,0
+L6+L7,3,A9,5.29831736654804,5.16561716397603,0.0948295257862275,30,32.3367923736572,1.66865298365691,1,1
+L6+L7,3,A20,4.60517018598809,4.41891291936239,0.0840648132421165,25,29.5093570073446,1.90493225673617,0,0
+L6+L7,3,A21,4.86753445045558,4.72631142934163,0.0904198814466274,6,11.4264681180318,1.89995191449219,1,0
+L6+L7,3,A28,5.29831736654804,5.20043500264486,0.0937395181182841,44,31.8014540354411,1.66481272287634,1,0
+L6+L7,4,R11,4.24849524204936,4.47058811187744,0.0698492010226894,7,16.8365853945414,1.66332619114616,0,0
+L6+L7,4,R13,4.60517018598809,4.48109354972839,0.0747459129561915,20,17.5846184094747,1.74494129094847,0,1
+L6+L7,4,A11,3.91202300542815,3.95599041779836,0.0902610179176525,30,32.1723062515259,1.50580404539339,1,1
+L6+L7,4,A12,4.60517018598809,4.50239785512288,0.0939448550156156,26,21.4075270970662,1.58684793048728,1,0
+L6+L7,4,A14,4.86753445045558,4.89583800633748,0.0861955391194225,4,8.66145884990692,2.21727772495318,1,0
+L6+L7,4,A17,4.60517018598809,4.50610354741414,0.0845394417820891,25,25.1200152079264,1.93943452593897,1,1
+L6+L7,4,A24,3.91202300542815,3.97516305446625,0.0828965849102248,35,32.0844430923462,1.69659711593583,1,0
+L6+L7,5,P4,5.29831736654804,5.27719351450602,0.0784094685422744,36,32.960663541158,1.8092272697662,1,0
+L6+L7,5,P17,5.29831736654804,4.00466039180756,0.0930735835661948,25,32.0618878682454,2.24599254326109,0,0
+L6+L7,5,P20,4.60517018598809,4.49578421910604,0.12304415715921,20,16.851193968455,1.4150924696722,1,0
+L6+L7,5,R16,4.60517018598809,4.57910491625468,0.0783185645614654,26,21.0174870173136,1.61141776391143,1,0
+L6+L7,5,A5,5.29831736654804,5.2303173383077,0.0970403192118201,40,32.9594041188558,1.59481985951688,1,0
+L6+L7,5,A10,5.29831736654804,4.19191916783651,0.0991763509310617,25,32.5493989944458,2.03472535176096,0,0
+L6+L7,5,A13,4.60517018598809,4.20092996756236,0.137482522572825,25,31.4543745040894,1.58643960990447,0,0
full,1,P3,5.29831736654804,5.13642191886902,0.0626975556951605,24,32.0836848576864,1.72026008639537,0,0
full,1,P5,5.29831736654804,5.17157719930013,0.0619191869600791,38,33.0796766916911,1.53618337905939,0,0
full,1,P10,5.29831736654804,5.05705181757609,0.0690410592007557,37,32.3302955627441,1.6715445540541,0,0
full,1,P12,3.91202300542815,5.07894458770752,0.0688606135636271,25,32.5885284423828,1.63232734337878,0,0
full,1,P19,4.86753445045558,4.63838578859965,0.0656910071261105,4,9.7016650835673,2.16623113630476,0,0
full,1,R8,4.86753445045558,4.48963804244995,0.0516083139337639,10,15.1058224042257,2.07988384457795,0,0
full,1,A4,5.29831736654804,5.15715637207031,0.069387149798088,26,32.6811470031738,1.52659818493917,0,0
full,1,A23,3.91202300542815,4.18678725560506,0.0544093885481518,45,33.0490067164103,1.33423137211775,0,0
full,2,P13,3.91202300542815,4.21985306739807,0.0633667826026032,35,31.9968921025594,1.82416863896048,0,0
full,2,P21,4.60517018598809,4.49749539693197,0.0683339968878461,32,25.5556277592977,1.74514404906664,1,0
full,2,R12,4.60517018598809,4.60877070426941,0.0731473594960588,20,15.2429520289103,2.29306297044384,1,0
full,2,R15,4.60517018598809,4.52833491961161,0.0525863525942901,20,17.9962271690369,2.33647433110514,1,1
full,2,A1,5.29831736654804,5.0942302385966,0.0512630100866364,38,32.2133916219076,2.02099844636058,0,0
full,2,A18,3.91202300542815,4.5736178557078,0.0668065652162394,15,17.3212491353353,1.85093467770393,0,1
full,2,A25,3.91202300542815,4.39410575230916,0.0728834519383104,25,31.5144393285116,1.5987560097476,0,0
full,2,A30,5.29831736654804,5.131121190389,0.0569778750107498,36,32.0279505411784,2.26511132083402,0,0
full,3,P9,5.01063529409626,4.72835256258647,0.0858471514960707,40,32.7953684488932,1.53478001855649,0,0
full,3,P15,3.91202300542815,4.23623423576355,0.0721706278882087,45,32.4270167032878,2.0865949584932,0,0
full,3,A3,5.29831736654804,5.04719834327698,0.0638996633376785,14,31.9734322230021,1.93373157551672,0,0
full,3,A9,5.29831736654804,5.05864758491516,0.0665414832193152,30,31.6146111806234,2.00880349739836,0,1
full,3,A20,4.60517018598809,4.39380482037862,0.0594816611817965,25,29.1462865829468,1.7292483235757,0,0
full,3,A21,4.86753445045558,4.57344751358032,0.0616334755085537,6,10.513340028127,1.631631214575,0,0
full,3,A28,5.29831736654804,5.10686254501343,0.0718253382221334,44,31.6338307698568,1.77634683009273,0,0
full,4,R11,4.24849524204936,4.56445395151774,0.0514177003226764,7,16.2820116678874,1.80436999007923,0,0
full,4,R13,4.60517018598809,4.53582693735758,0.0587565677403868,20,17.1037050565084,1.68378505880959,1,0
full,4,A11,3.91202300542815,4.27925229072571,0.0701083898127523,30,32.4371622085571,1.75753488711017,0,1
full,4,A12,4.60517018598809,4.4654400507609,0.0530256346949397,26,21.5690914154053,1.87755014316906,0,0
full,4,A14,4.86753445045558,4.73928594589233,0.0765000373686191,4,8.50040988922119,2.38467747763563,0,0
full,4,A17,4.60517018598809,4.4528067111969,0.0641763261524214,25,25.0052344640096,1.82958656058148,0,1
full,4,A24,3.91202300542815,4.29093777338664,0.0719410273044733,35,31.5279827753703,1.72223065436196,0,0
full,5,P4,5.29831736654804,5.13567434946696,0.078379140122273,36,32.8797027587891,1.64975230538842,0,0
full,5,P17,5.29831736654804,4.73231350580851,0.0642904077399966,25,32.8483551025391,1.95423313563084,0,0
full,5,P20,4.60517018598809,4.45772307713827,0.0579393981402701,20,17.4340862592061,1.35736956188906,0,0
full,5,R16,4.60517018598809,4.42045742670695,0.0544762389531191,26,20.6862503687541,1.87151491334075,0,0
full,5,A5,5.29831736654804,4.89926527341207,0.0727518474798891,40,33.4027001698812,1.99322825466817,0,0
full,5,A10,5.29831736654804,4.77333501180013,0.0652479786857994,25,32.531071472168,1.67643103907991,0,0
full,5,A13,4.60517018598809,4.27658184369405,0.0673435928341713,25,30.6965885162354,1.63557097650696,0,0
base+L4,1,P3,5.29831736654804,5.32299626668294,0.0996944301036278,24,32.670416132609,1.71308342337364,1,0
base+L4,1,P5,5.29831736654804,5.2284708182017,0.0955016909737255,38,33.0645287195841,1.53586961274167,1,0
base+L4,1,P10,5.29831736654804,5.24734624226888,0.0806431348537488,37,32.4344639460246,1.93332572499326,1,0
base+L4,1,P12,3.91202300542815,5.27782236735026,0.0839093276109846,25,32.3914546966553,1.44012220266334,0,0
base+L4,1,P19,4.86753445045558,4.33189051946004,0.125649748541099,4,8.86125090916951,1.7139006444978,0,0
base+L4,1,R8,4.86753445045558,4.60335508982341,0.0847204474511149,10,14.2988643010457,1.80927843776337,0,0
base+L4,1,A4,5.29831736654804,5.3362576007843,0.0745099598361095,26,32.6753103256226,1.46697631337128,1,0
base+L4,1,A23,3.91202300542815,3.98037633101145,0.106365497708918,45,32.7986026128133,1.74954259056875,1,0
base+L4,2,P13,3.91202300542815,3.9612463871638,0.126442199511064,35,31.8436575571696,1.70172717955361,1,0
base+L4,2,P21,4.60517018598809,4.536230357488,0.100236181947821,32,25.7147987365723,1.94366767220646,1,0
base+L4,2,R12,4.60517018598809,4.5937686920166,0.0970090364119839,20,14.5250960032145,1.61263630725081,1,0
base+L4,2,R15,4.60517018598809,4.59035838445028,0.0915772836543913,20,18.440167872111,1.92385682853672,1,1
base+L4,2,A1,5.29831736654804,5.1973299185435,0.0747922958609664,38,32.5568466822306,1.99620511838743,1,0
base+L4,2,A18,3.91202300542815,4.38860289255778,0.104414020574127,15,17.6702414830526,2.06560835881852,0,1
base+L4,2,A25,3.91202300542815,4.06272873878479,0.113759052900417,25,32.4290478388468,1.37444690178942,1,0
base+L4,2,A30,5.29831736654804,5.22468028068542,0.0730123978746268,36,32.5289851506551,1.69537705728034,1,0
base+L4,3,P9,5.01063529409626,4.60306075414022,0.206747817314413,40,32.5458550771077,1.67637015777343,0,0
base+L4,3,P15,3.91202300542815,4.02562129497528,0.120480171336633,45,32.3195906956991,1.41502391708193,1,0
base+L4,3,A3,5.29831736654804,5.21785577138265,0.123263358678787,14,31.7575160980225,1.7544766976026,1,0
base+L4,3,A9,5.29831736654804,5.22924660046895,0.089058686597775,30,32.0976132710775,1.44019470867399,1,1
base+L4,3,A20,4.60517018598809,4.41150080362956,0.105366220422188,25,30.0417840957642,1.45976590345117,0,0
base+L4,3,A21,4.86753445045558,4.73246188163757,0.100482378838491,6,10.8427614529928,1.63228157811398,1,0
base+L4,3,A28,5.29831736654804,5.27565205891927,0.0800715739608984,44,31.0706903457642,1.37843303112294,1,0
base+L4,4,R11,4.24849524204936,4.4992817401886,0.098399138636454,7,15.9559633572896,1.7470263588539,0,0
base+L4,4,R13,4.60517018598809,4.55339023272196,0.0751978829960082,20,17.6716329256694,1.9202413265384,1,1
base+L4,4,A11,3.91202300542815,3.93222612539927,0.123534330810911,30,32.8046813964844,1.7548200098809,1,1
base+L4,4,A12,4.60517018598809,4.50830008188883,0.0843981994668801,26,21.2639759699504,1.75918035708482,1,0
base+L4,4,A14,4.86753445045558,4.93724492390951,0.0947527058870415,4,8.41704422632853,2.0101825017585,1,0
base+L4,4,A17,4.60517018598809,4.50575826962789,0.11049177843049,25,24.6951040267944,1.35234421466685,1,1
base+L4,4,A24,3.91202300542815,3.93174654642741,0.0926436022795002,35,31.6104683558146,1.05822324596402,1,0
base+L4,5,P4,5.29831736654804,5.28853278160095,0.0936954016129042,36,33.2746414820353,1.50485594636657,1,0
base+L4,5,P17,5.29831736654804,3.97831700642904,0.0964220358449141,25,32.6850247701009,1.92162991031731,0,0
base+L4,5,P20,4.60517018598809,4.43393810590108,0.0952277366331775,20,17.6240232785543,2.0497475308998,0,1
base+L4,5,R16,4.60517018598809,4.57879627545675,0.0693909969015555,26,20.780556233724,1.83526643672832,1,0
base+L4,5,A5,5.29831736654804,5.18416806856791,0.107701642698238,40,32.9856757481893,1.6452129097804,1,0
base+L4,5,A10,5.29831736654804,3.95985562801361,0.102089926429632,25,32.376627667745,1.60964275251685,0,0
base+L4,5,A13,4.60517018598809,4.11194066206614,0.11308343283916,25,31.7839493433634,1.61037848541227,0,0
