x_km,y_km,W2sq,W2sq_weighted,DRASTICw,trace_removed_frac
11.422509975868,43.3504731374564,0.225682878038029,0.211206967451578,0.745098039215686,0.00526820480866264
4.05832789105787,40.5971662354164,0.225535675310648,0.209039474654327,0.401960784313726,0.00370600249574637
3.03321423225905,49.1194800464753,0.196486883113879,0.201890454001991,0.0980392156862745,0.00179347238006677
4.00696731751538,51.7932059874228,0.219169805259704,0.205817237791551,0.392156862745098,0.00224515988458274
3.54650212943592,25.9659291770683,0.220903884325001,0.209288566123115,0.509803921568627,0.00364503601639365
3.45113067999307,41.2072602833928,0.20653360187769,0.197688118038953,0.401960784313726,0.00241279209498824
6.18953499019111,26.161129856392,0.228869665684515,0.226157592198957,0.509803921568627,0.00429345918778601
9.91537508149206,32.582684092875,0.264609157135525,0.251677655461276,0.568627450980392,0.00453920917578232
15.1907992189834,46.4437729540232,0.228616139213854,0.220226164075405,0.745098039215686,0.00382137139634053
5.0551564459614,50.9699588684468,0.222134299769476,0.211086907532811,0.392156862745098,0.00380564549412299
14.8307134682221,43.8084195640591,0.223040772956154,0.214122458942992,0.745098039215686,0.00387054917166907
3.87454052014843,37.5976881218074,0.218299639470271,0.205121420842602,0.450980392156863,0.0037139540976846
7.88922794801758,45.0001086197916,0.228257454546774,0.217654854981191,0.656862745098039,0.00344986015477844
9.82539110862545,19.0399605046618,0.214235407572873,0.199243821052983,0.509803921568627,0.00374003383404742
16.0317972796602,5.57741291187917,0.210543111468081,0.188315010093618,0.686274509803922,0.00280748425814681
7.51292479408883,28.866958664903,0.221964457400137,0.214844540135908,0.549019607843137,0.00342570760827643
4.72374300595579,37.3257172766769,0.190165676095099,0.180956357055799,0.450980392156863,0.002717858170593
9.35090294760979,25.5332193473447,0.200471163874262,0.182814003061989,0.509803921568627,0.0029232195362866
17.6700074969747,4.93560355152794,0.214461458945177,0.215476788042584,1,0.00290239732646946
8.51048963682064,40.7548075262162,0.230142635610658,0.208861422501239,0.745098039215686,0.00633400361323988
10.2676700944367,35.1176352984385,0.225425248413843,0.212043270973443,0.568627450980392,0.00409970317629338
11.0905298421375,14.4302816292969,0.211198280164263,0.194986050022733,0.411764705882353,0.00336698613817921
7.25177728409944,34.8540886535679,0.219285870388986,0.207464292969965,0.519607843137255,0.00367067684549105
6.9569937426579,47.4714045449348,0.209962474174919,0.199467550817424,0.392156862745098,0.00376684626538193
7.95969973782241,32.5993062540311,0.234645260344478,0.234998999841795,0.568627450980392,0.00403377993757581
7.65260076194776,34.8794580419401,0.221183748509579,0.21359238663664,0.568627450980392,0.00357663902715044
9.10236526593951,22.0566574314787,0.224552186660172,0.216167068949205,0.46078431372549,0.003210756263611
15.0404590499596,3.81698461332596,0.193908238303969,0.193061870359957,1,0.00495729164257919
11.5452533745628,42.4438924827656,0.228731733264819,0.203249235360444,0.745098039215686,0.00453827479569635
5.18513709856063,29.1848121684374,0.221085478911358,0.226383158092697,0.431372549019608,0.00358426734918271
4.25776654884433,34.845793512279,0.242100957827623,0.220224134391009,0.401960784313726,0.0036422335965709
2.34094088609515,42.5865968221014,0.225740411358049,0.214547990594622,0.401960784313726,0.00372207256471713
8.02948234397087,44.7061086340248,0.217974576854894,0.218240866964746,0.656862745098039,0.00363485185336898
19.3014468945616,6.37222688873034,0.212740228637065,0.194525276805681,0.529411764705882,0.00295782117806442
11.695627117478,11.1903583221528,0.214496178629464,0.188819303328751,0.5,0.0029741163895628
12.4687621048767,9.35815724014564,0.207327067909745,0.185075371514678,0.529411764705882,0.00344310996213326
11.7119149808593,8.6918669825486,0.229982778266505,0.206359737772438,0.529411764705882,0.00341419233853102
6.4651180588248,31.6203397329417,0.252585771381679,0.236292412858322,0.549019607843137,0.00401859771985202
9.37822245302712,17.9824955152995,0.221562626742456,0.215736356414777,0.509803921568627,0.0026294905859171
3.08122609604435,30.2456403212877,0.219602023078192,0.204472359342055,0.333333333333333,0.00296530225567793
9.97764434958506,33.8698358387384,0.235302557248164,0.219672877900948,0.568627450980392,0.00398739149746297
11.7193284298997,17.8854446239334,0.212774203864869,0.196475701336456,0.509803921568627,0.00339086242991038
2.50012966228261,41.8882083058001,0.221831466840231,0.216898350030414,0.401960784313726,0.00323300789348913
7.07404671616494,41.8157209090263,0.224754078321431,0.225050731192443,0.617647058823529,0.00471187062853773
13.9515537239722,3.95574499424494,0.227198993534881,0.214676751956749,0.950980392156863,0.00375468124378819
4.15380277606517,41.7943549839822,0.224165611155851,0.213533635318108,0.401960784313726,0.00307084566840321
2.07204724549644,48.5012413126173,0.220192877986545,0.213768308575776,0.0294117647058824,0.00369083637563783
9.90133354945797,22.980475582095,0.200507014888816,0.188484220809417,0.46078431372549,0.00328946855590473
9.61172423849154,37.0980207162218,0.192606855327155,0.185810846129063,0.617647058823529,0.00221205225388266
8.12009723593597,45.412379648929,0.2157470290066,0.219599414151356,0.784313725490196,0.00353913426797425
6.02937054541668,19.8947468351805,0.208225004021558,0.211553387726359,0.46078431372549,0.00292847293037402
8.54191947780316,40.8163665800021,0.21472736283313,0.208826413385049,0.745098039215686,0.00287077514989331
12.709719377706,6.80456042767074,0.210417256981818,0.201857021934137,0.725490196078431,0.0021581421399095
7.93942605588474,18.2167525800363,0.210515409929304,0.19999930738514,0.46078431372549,0.00273259464234188
4.95408379339852,32.4822753707026,0.230035423268436,0.229108441991582,0.431372549019608,0.00541100258809779
8.2252257835531,42.116895991231,0.209799081276772,0.195973169247714,0.617647058823529,0.0028876068796686
4.28105241268327,36.2405673791825,0.215093819174134,0.21420701308414,0.450980392156863,0.00502971456597834
1.98729087342518,29.3742235906509,0.219065135147865,0.197509283582077,0.333333333333333,0.00349394270291103
3.42004501893963,46.4870703266131,0.213792828753674,0.203349499792012,0.0980392156862745,0.00335963793126393
4.46443087808644,25.1713500218925,0.214873098684011,0.193435824096508,0.509803921568627,0.00215531046991557
17.2651876149847,4.03885816759089,0.216604321013258,0.201522268655746,1,0.00336963076922048
5.4532293731119,28.1309115768099,0.241136526357487,0.214325637432956,0.549019607843137,0.00546315250641816
5.99837884655475,50.0352378034305,0.214517323807307,0.204830325262761,0.392156862745098,0.00274746062905229
6.01840404737746,35.1407736231435,0.210610121237944,0.21772361771341,0.519607843137255,0.001487722458551
5.55255072081588,41.126691594936,0.222261727226088,0.21200198220622,0.401960784313726,0.00396249331097986
9.84945832968643,10.1357836044213,0.204327871301401,0.191861179182519,0.46078431372549,0.00326039141375056
3.45512477726769,34.4121936037155,0.226782223748673,0.233967255261308,0.401960784313726,0.00441352986801957
4.83311848888905,30.2047029433038,0.236338008943037,0.226952688857467,0.431372549019608,0.00398642022867535
3.83089112918236,36.5785500238003,0.214606513005267,0.203013472912741,0.450980392156863,0.0042166230566375
6.31699506448431,38.9918276420401,0.20455446453368,0.196948596289332,0.401960784313726,0.00245872871887665
10.639224914362,18.4043444262986,0.229439513059735,0.211396548826722,0.509803921568627,0.00523830560282035
3.74214500796801,34.2905964649888,0.220590579876339,0.206085609529475,0.401960784313726,0.00450521097066214
4.08401792873565,44.4878669284378,0.225252329878285,0.211906911449187,0.0980392156862745,0.00386365422161827
13.7700159363901,5.12302388085944,0.225103642605953,0.209001629164743,0.950980392156863,0.00434919306260317
9.14463011542826,18.2150008686097,0.211171486959888,0.20470995211137,0.509803921568627,0.00610599270143541
5.8203451227616,33.2337250555551,0.256802842195033,0.249218468037533,0.441176470588235,0.0042863041686193
14.5980080515944,42.6698093847213,0.203797456262508,0.199387285977823,0.745098039215686,0.00225794984551531
5.7327134588968,20.710639993546,0.207944732844024,0.18450849595784,0.441176470588235,0.00299981605769917
5.75292031053906,44.4427294498537,0.217332003016603,0.201386402785012,0.0490196078431373,0.00286643682246657
1.65435456330361,31.9756558834304,0.266949736915385,0.255164915107202,0.0784313725490196,0.00599090163948113
17.2025315155586,1.9273970148431,0.226656607334301,0.215450545475452,1,0.00353847577660882
15.083068512604,7.70296274143985,0.206272786566783,0.208691711651051,0.529411764705882,0.00289759536406431
6.7204823060654,24.3456945818197,0.218980864007898,0.216079947476517,0.53921568627451,0.00305017427161824
6.37455666073485,44.3709462343052,0.217180716506557,0.221391717983034,0.656862745098039,0.00285891811141603
8.31802445442433,31.8148100820322,0.271080808276685,0.260875802267669,0.549019607843137,0.00667315685243464
1.87393090567494,45.7455366367526,0.252721171013328,0.225858071099087,0,0.00337843399495352
15.2122671642154,3.53647712050264,0.226864967081556,0.20360175527853,1,0.0040936474171529
19.3277626801267,6.97939567674067,0.228008486433994,0.21704644918446,0.529411764705882,0.00419054575746503
8.32629053946046,40.1759428114837,0.205605760693558,0.193082823634324,0.745098039215686,0.00321294940352523
9.46068425803068,14.2418623870216,0.225101144110311,0.217952814610829,0.411764705882353,0.00372903367238531
13.587477989227,7.49664067125028,0.193955288928389,0.18926581212179,0.529411764705882,0.00264942086434528
13.9720728436398,2.76210244921378,0.207890746575953,0.209729088308481,1,0.00341897931004165
6.5343143342042,35.6929819065512,0.234705323567916,0.214620878866595,0.519607843137255,0.00525533873490969
6.57560719588268,40.6541168133197,0.23159204334916,0.21450923882209,0.401960784313726,0.00365312988382016
8.3537834757641,42.6163294820299,0.23083144430428,0.219101656066288,0.617647058823529,0.00523011604518264
5.11774424343814,33.7217113273535,0.236583522499674,0.226491967622898,0.441176470588235,0.00366033876973559
11.7901263635991,11.0032443607925,0.200830033938524,0.193808040133496,0.5,0.00356025329029497
6.68005544333296,37.8208578470321,0.197636934195994,0.186090206612647,0.401960784313726,0.002227616428361
9.67964517502173,20.6258731150776,0.196129210414778,0.188335893435508,0.46078431372549,0.00257523380249158
9.00038094028864,33.8470421287543,0.23746779818881,0.239381768258284,0.568627450980392,0.00325861117620962
7.08563551451365,40.0626614263652,0.224819552621699,0.217400969254491,0.401960784313726,0.00363548637926092
5.87981041287219,27.0701298205579,0.22833705813313,0.233580888776794,0.549019607843137,0.00339975095068024
17.8830062366258,4.46037834862905,0.211095921189173,0.201210601308629,1,0.00299892729700657
7.52357545936636,19.7405195205639,0.222429551500496,0.207493614395583,0.46078431372549,0.00372988698233401
15.4661237099171,48.5229712080449,0.211117967466797,0.208375894126645,0.784313725490196,0.00456327517176724
6.35301613903967,36.162452354101,0.213022053524212,0.210152419839464,0.529411764705882,0.00298057388259898
3.26228070427403,45.8544599050927,0.223934434419365,0.203421870568214,0.0980392156862745,0.00330484560155198
7.65811622065805,48.0049770050272,0.210831605977186,0.200880525209435,0.392156862745098,0.00324104423648963
8.25030163847234,45.3436465900965,0.219502922117164,0.20152055630912,0.784313725490196,0.00339477543267064
6.50973197034722,32.6488644176531,0.224385033103952,0.208784766103174,0.441176470588235,0.00404845066955084
10.8065828982011,23.0639014166749,0.225794989505086,0.226750081024861,0.46078431372549,0.00325505984014296
5.3987529796304,46.1795503111471,0.234526221053153,0.225456360037975,0.441176470588235,0.00313497521258521
10.3340824885149,32.017582582465,0.241681499471482,0.230312642188195,0.549019607843137,0.00630511343201878
3.56376674858717,29.8573271289082,0.222729461044859,0.217023461057904,0.333333333333333,0.0025943353883755
5.85534599088418,23.1273708908935,0.209281401247717,0.199404484786302,0.509803921568627,0.0037795334926678
14.6389617887925,7.26121931530869,0.213839846386604,0.198491330980499,0.529411764705882,0.00196950264509299
5.88953258915009,38.2593078726543,0.203267441136852,0.206022672256956,0.401960784313726,0.00211066781848634
9.37612721625081,16.8151783942888,0.233580493467096,0.220703840101264,0.509803921568627,0.0047530751115471
9.85754205064854,34.2947982323628,0.200928915110549,0.2027424843791,0.568627450980392,0.0026932499870812
6.3487096018039,44.9836504360789,0.231210866297978,0.224520098484516,0.656862745098039,0.00356536143282038
6.69912504399171,35.5447215099078,0.218963837492116,0.205484504326948,0.519607843137255,0.00394837350864718
10.8899665841078,12.3042020067376,0.180402354719389,0.182280313803609,0.46078431372549,0.00231039935865718
15.4148195334682,46.7671672088188,0.227118598639063,0.211821189527151,0.745098039215686,0.00290730685744589
9.45121836274886,22.2001693261941,0.198582672901797,0.186950588096638,0.46078431372549,0.00273157216552189
6.34818447661556,47.205064950789,0.20016361927559,0.19704809362434,0.656862745098039,0.0033233071315194
1.81090881705312,30.686170225228,0.233632436384992,0.234620421533911,0.333333333333333,0.00497407014246842
17.7389114124496,11.1575565340375,0.225656735899365,0.218822702718844,0.529411764705882,0.0036710868824199
6.73294622114999,34.4140028132009,0.23397544717687,0.2244849165182,0.519607843137255,0.00361661982700956
6.90175798576654,32.244907306314,0.257769469018322,0.224747555113258,0.549019607843137,0.0048686027483732
16.7527783121717,5.88845288651307,0.244710818365754,0.235872748553735,0.686274509803922,0.00388409840904513
5.53745419829579,42.8771853923135,0.207273561084536,0.199823429803099,0.401960784313726,0.0031488272733633
7.70320287542719,17.3490807298281,0.212897248103486,0.205524195562119,0.509803921568627,0.00175690877499823
6.35533154195099,48.9843691121081,0.206925274737954,0.210441445267566,0.392156862745098,0.00251032297831244
5.7748710379837,35.5717842944232,0.220040863615982,0.226219781684146,0.401960784313726,0.00326840342946511
6.139603652035,40.6630604210288,0.221634017878755,0.206860069642608,0.401960784313726,0.00302277698071141
5.01608100065693,46.4377563444033,0.200603336566228,0.184626428144541,0.441176470588235,0.0038003639712102
2.42613502027855,33.23928178212,0.250891477016845,0.241963994056454,0.42156862745098,0.00533265380456283
4.83641726328474,35.8527595316766,0.219585436759815,0.211219509739185,0.401960784313726,0.00329429207090015
11.6247785021349,8.95572535522959,0.216072243692334,0.212525801258706,0.529411764705882,0.00278818592242469
13.491576012563,15.8939550620874,0.221189681705374,0.216483222348873,0.529411764705882,0.00383052237239501
0.855943325098108,30.6284643113797,0.24854071195126,0.242834475388501,0.333333333333333,0.00462520786439446
17.2892440798538,5.70914010407574,0.226843970153312,0.215142675770577,1,0.00548431606251865
6.22684293189495,30.2132692799126,0.218584644969141,0.211048865461022,0.549019607843137,0.00394126656944671
3.15463268238584,44.6289061260332,0.220548988966935,0.215255890308902,0.0980392156862745,0.00434897818401758
7.74502185673774,34.7792526568505,0.205592185282073,0.194031708198053,0.568627450980392,0.00307274622179399
13.9612503409839,7.33721145426722,0.212643249059946,0.211751304173046,0.529411764705882,0.0042326003828731
2.08919757604996,41.7334247839188,0.250290111705587,0.23015245231917,0.352941176470588,0.00346733295844026
9.80459631545608,38.9639429325432,0.207784204616775,0.19188333432008,0.745098039215686,0.00274712433164015
4.51801252842347,49.8293528025678,0.210535521552221,0.198269531217927,0.264705882352941,0.00354865163182039
16.4150377569618,2.69900767449728,0.208514646376549,0.20369241848104,1,0.00249327590327564
3.11010542982606,46.183991323439,0.219746238635948,0.205325497485354,0.0980392156862745,0.00362468481211453
7.90705068055082,31.9779491260245,0.252156649339465,0.230558699936763,0.549019607843137,0.00472516661871492
3.41011959139908,30.00022801234,0.231829629301584,0.224130597580474,0.333333333333333,0.00338216437806171
8.56624181117211,24.5949800380472,0.214209404235837,0.199905702609559,0.53921568627451,0.00359826600307422
2.03054621548764,30.3166911241753,0.223243354867849,0.218797679025849,0.333333333333333,0.00413400660009711
13.1990611976246,15.75283278587,0.233459557115685,0.222814573092345,0.529411764705882,0.00361114549524211
10.2586696775965,24.9236784514232,0.209712731378062,0.207920207538546,0.509803921568627,0.00275818633695701
5.78574715798822,30.6522347645878,0.23485139624357,0.225813190797342,0.401960784313726,0.00357242793340495
9.93144597670306,38.1742079819962,0.17972813690105,0.160804388962359,0.745098039215686,0.00283297832926721
8.69041636783108,45.6241318173702,0.246327062720031,0.229282994479757,0.784313725490196,0.00329579070456576
3.76784782797529,31.1166688189041,0.253158683368948,0.245568843611268,0.431372549019608,0.00448373193431151
7.92760567670047,27.6685040330058,0.230285498556333,0.212107123394912,0.549019607843137,0.00443729754381283
4.74072109602011,30.3986898186244,0.233736251080049,0.222717741785959,0.431372549019608,0.00403552309663591
3.93657010132203,41.0584693988691,0.221944924235756,0.218183853128076,0.401960784313726,0.00398226934766077
11.8206724727141,12.481538784335,0.21827257023662,0.208984610783049,0.46078431372549,0.0037791327055211
7.34835694165204,34.3451713203664,0.201761611195458,0.190249758463585,0.519607843137255,0.00335508019945441
20.6008236374185,9.68962184442091,0.214697048554369,0.21414162706964,0.529411764705882,0.00316417182650863
17.9202752104217,4.55768466409479,0.221304680917685,0.219174691749972,1,0.00298282018326568
2.30558551683627,44.8300738998128,0.21821364399683,0.202398640994826,0.0294117647058824,0.00336481561188617
6.50260231794013,49.7368993206854,0.225424659386722,0.205844026610118,0.392156862745098,0.00294918312961767
9.6182937495328,20.7254330512044,0.210823088737695,0.205373005155903,0.46078431372549,0.00231994139641034
8.55990029737494,17.0636309152495,0.197586958841364,0.188399043683393,0.509803921568627,0.00411367554094177
4.41612774671139,24.9405235186384,0.218064069962343,0.207071135586967,0.509803921568627,0.00309278023951598
6.36389905945673,25.4145810224252,0.211898393515889,0.205714559763525,0.509803921568627,0.00319498834033416
3.46833089446033,45.6682312902937,0.22768722568665,0.204989638397109,0.0980392156862745,0.00503376951769396
14.8025929686514,2.14016449250651,0.20682695705969,0.194961881553312,1,0.0031749834391851
6.95570472166499,20.8891316051377,0.212304296682583,0.193372562209031,0.46078431372549,0.00247285658687202
5.6435178333948,20.6151356317183,0.214018087050727,0.202581065232831,0.441176470588235,0.00327008635695414
16.3741647687825,4.88405340478644,0.210767116928915,0.192310673685463,0.686274509803922,0.00324976498521878
6.75997609701799,35.035718315021,0.242385544319171,0.229586468105204,0.519607843137255,0.0044457403779673
1.59431569344338,31.6281189336589,0.250126655497295,0.233165533188115,0.0784313725490196,0.00442398664153743
4.91568299036571,46.1423382587908,0.203324163202192,0.203934689785965,0.441176470588235,0.0018255396745579
5.15530258103241,34.9548602332347,0.233908342796176,0.231686910570939,0.509803921568627,0.00377969084746055
4.63269485927838,46.4496210175562,0.206767954422344,0.198979696661666,0.441176470588235,0.00372970686612928
3.94408088063885,32.2280436801025,0.255927971552973,0.234098819448449,0.333333333333333,0.00454614178853097
5.7688557602654,21.9921136013912,0.205298282437016,0.212465547681798,0.509803921568627,0.00353445283908038
9.86155154520395,36.4982254410335,0.214073104542399,0.213228292681094,0.617647058823529,0.00235429369420559
7.65433264605166,36.8806631644595,0.217596021542509,0.208038945549279,0.617647058823529,0.0027941584876664
1.26228763076633,38.6695961004752,0.25092731428542,0.224197506690197,0.352941176470588,0.00477185804590896
8.56137048582534,30.923459008658,0.261994534539603,0.264829545603746,0.549019607843137,0.00612598741197357
7.63109536080386,41.2418798072466,0.221520681649556,0.206610283299411,0.617647058823529,0.00300860366401801
2.29034026472985,33.4647987197691,0.243966983628723,0.238356649785774,0.42156862745098,0.0041473575319807
6.16519545278971,26.1584662709778,0.2071690841838,0.208981977248701,0.509803921568627,0.0032146985161513
7.52243518266795,20.747205502227,0.233491695334189,0.213575401534714,0.46078431372549,0.00472942425312939
11.8634330347933,42.7739186570236,0.227087060915871,0.215267200295654,0.745098039215686,0.00354874970375463
10.1556868914067,31.1991669088988,0.255386399704013,0.234382259431253,0.549019607843137,0.00370499256717827
4.43246479990763,33.1738885753377,0.2291596403729,0.232990746933296,0.441176470588235,0.00397710815288299
3.7490065613895,29.7020194656195,0.235008336865852,0.202736811608384,0.431372549019608,0.00415397989502053
5.77092769455709,45.9362917495111,0.203266687252778,0.207703089219643,0.0490196078431373,0.00277532509877576
4.04445218129063,34.4246717173633,0.243384600254062,0.223588518001971,0.401960784313726,0.00660275869955418
4.69138521179781,52.0517889849922,0.21890939602799,0.200640679824476,0.392156862745098,0.00343899393434721
3.90966763798056,46.1510007054887,0.229360268302575,0.219649739475024,0.490196078431373,0.00294638276057491
0.48613282994975,30.0390477087038,0.211595971511142,0.199017298328642,0.333333333333333,0.00299731733721131
10.8133943963076,17.3493216241242,0.205620345258085,0.203210746943337,0.509803921568627,0.00350614482552969
7.11526050429065,25.260852856992,0.1906857565695,0.177251778876928,0.509803921568627,0.00282130712814277
7.2358633688579,27.4394022598236,0.213087592775895,0.210378059015685,0.549019607843137,0.00416155566084231
2.15324501278767,45.3052863190909,0.214687673227527,0.202001714704211,0.0294117647058824,0.00410922907242195
6.75363744061203,36.5914515864041,0.225749978351372,0.214217949226459,0.529411764705882,0.00264141431163312
14.4290624630884,7.93296278188061,0.228101273816364,0.207758317855215,0.529411764705882,0.00340009889978599
5.35422965962642,26.2992255537007,0.216601505631824,0.195661110099697,0.509803921568627,0.00332002391530473
8.56150570875194,23.7497637137384,0.207122638134358,0.194096317328186,0.53921568627451,0.00279471749810434
6.31640013249875,29.6596236641273,0.219943133362084,0.215584180694983,0.549019607843137,0.00414766184590964
3.13421229945711,32.8203338964325,0.241356636924685,0.22523503145513,0.333333333333333,0.00455047210659487
13.6497821720698,10.0868859162632,0.208035189435148,0.195612700098265,0.5,0.00256936210659997
16.8719258852389,3.54784629660509,0.221894400096652,0.212959521301368,1,0.00421075832934936
6.58564234858693,35.6935531489536,0.234609370203153,0.225903280776093,0.519607843137255,0.00444010834938324
12.6758101753242,15.7938313625701,0.197676072694284,0.189553654341754,0.607843137254902,0.00460310110110251
7.39460675586858,17.9896074171408,0.20370750508469,0.210693047677587,0.509803921568627,0.00368550216880159
10.6803731743668,18.8594471489469,0.199045164182409,0.189263479139244,0.509803921568627,0.00397639532180771
14.8202241825166,2.65177419768121,0.222606617902835,0.215189315055842,1,0.00350284217508379
13.6761845491594,6.57081762491824,0.198802417416465,0.194589709046601,0.950980392156863,0.00274978630474454
4.40121758025655,29.7191479384859,0.219353616737072,0.209814841200501,0.431372549019608,0.00401822348827208
2.26597088256167,29.7515327581202,0.221520492839179,0.202225032108893,0.333333333333333,0.00246420337226427
8.76555911778129,44.7669871407449,0.217162683812743,0.197479734151042,0.784313725490196,0.00275919661227986
8.71111354422931,37.7695602567121,0.210574828348667,0.193805931328924,0.617647058823529,0.00446213600579404
1.99004156464741,41.5348287710088,0.228136352485368,0.229652589397335,0.352941176470588,0.0026788687178777
8.00650294482375,25.1606336588854,0.211411286466942,0.211583373608724,0.53921568627451,0.00449285509082697
16.2056098043609,8.98042424984457,0.223719497416176,0.211475440302794,0.529411764705882,0.00343839736460017
6.3218675516884,21.9368496247465,0.220925907824066,0.202643928945347,0.509803921568627,0.0024985582249748
7.04388626341179,36.175385786742,0.211878330072776,0.19608004094421,0.529411764705882,0.00487676847746277
8.84252592255583,27.0630661059688,0.216313989192686,0.196157389490963,0.509803921568627,0.0014865491501953
19.1206502170058,5.58554102927944,0.244068805629601,0.23390863581236,1,0.00421006798233492
18.9640456482722,4.14638471211751,0.24243547697789,0.238436588148942,1,0.00320786006063578
8.53271509269089,45.170308742339,0.217138782086878,0.202177547596355,0.784313725490196,0.00327093325420735
2.95347291359103,27.7948142376386,0.20961755589709,0.195555412011953,0.431372549019608,0.00262677396988276
6.84030371819128,35.4612752938419,0.227075751772367,0.215153139389135,0.519607843137255,0.00313709337992352
6.93843729786091,46.2917394465061,0.209779640910562,0.198496840865192,0.264705882352941,0.00359197586675764
8.1926874984396,26.2062079894778,0.215127501372203,0.208995494098302,0.509803921568627,0.0031936226333209
11.947556195757,43.2882918881697,0.209460801954709,0.205482053449035,0.745098039215686,0.002943600838339
7.79108460813721,18.0466048838998,0.204323063082953,0.19687211592045,0.509803921568627,0.00432094165851871
2.7916373071964,32.9076260710204,0.261149861500025,0.236299455210993,0.42156862745098,0.00720720090737703
5.31783147291233,51.0838269510927,0.200855378136486,0.20413515257136,0.392156862745098,0.00312456377282089
11.3928303571701,8.79413776040749,0.208599428625411,0.198926299527764,0.529411764705882,0.00349130015796317
7.1725907561744,50.3717883758877,0.195308488874926,0.201934316042396,0.392156862745098,0.00402567411601873
9.37409345040241,17.2208608573074,0.227824583429434,0.212921471084275,0.509803921568627,0.00413429651743191
8.53372762556408,42.9105492047645,0.205469372268392,0.207691652879358,0.745098039215686,0.00428634780380943
15.6632252290236,9.52819787699061,0.235984589896449,0.212562844923809,0.529411764705882,0.0031745193238043
10.8546884878624,18.4797553064427,0.215302667175731,0.204045591645133,0.509803921568627,0.00319201623634091
2.61479108132604,45.3846785491642,0.225769199991139,0.21365798863889,0.0294117647058824,0.00344229084751524
4.99024145222267,34.5095615735633,0.242794922147772,0.229423095650313,0.509803921568627,0.00478080387777224
6.89906616039645,25.9524966870228,0.210077212916181,0.203554449237977,0.509803921568627,0.0045282331694757
8.33603791575199,19.9031268814445,0.219978725295439,0.201787358095042,0.46078431372549,0.00227002855532077
6.59218553186221,30.2026383367619,0.232878226490527,0.208932588211498,0.549019607843137,0.00427304771614068
17.7927046394357,3.64000464203694,0.219240764313046,0.206454975570429,1,0.0039844473012659
6.15327524640146,36.3554655464616,0.200837078546013,0.195921260549079,0.450980392156863,0.0038562592493534
9.72277677690978,33.3676484442976,0.239213200556162,0.222620540974013,0.568627450980392,0.00426880372060445
8.14039836723743,39.7100508229562,0.214412195641825,0.205725706773075,0.745098039215686,0.00262222205568896
4.41730129958022,38.5782228840581,0.213406151521189,0.207168420237282,0.450980392156863,0.00307813217629183
8.48931218617651,11.5160154254403,0.206573157657906,0.196987180010686,0.46078431372549,0.004184179505064
7.68525252296475,38.3397647392457,0.20792989063844,0.199952305501622,0.745098039215686,0.00346071871429376
10.9316070839775,13.6653222787393,0.196528403999934,0.195059359326115,0.441176470588235,0.00247159788271101
8.54648648108948,46.4136984975773,0.223213872789845,0.204765789396462,0.784313725490196,0.00310127670699178
8.70872837657485,17.5685943257057,0.21467921319369,0.203410970519024,0.509803921568627,0.00404974409999848
8.70206658041881,32.5729270625653,0.248321794325024,0.229483397928621,0.568627450980392,0.00434571854130228
11.6446711461177,8.52356874081922,0.211543640902061,0.208367555561763,0.529411764705882,0.00311416437972101
11.1688613802964,15.5901622225612,0.218560317852104,0.196794374806687,0.411764705882353,0.00665338446850194
6.04743663862268,27.9599064914985,0.226315395042195,0.220615992055744,0.549019607843137,0.00312281899837985
5.99695563079197,47.8219720268645,0.206703550483271,0.200803285361796,0.656862745098039,0.00283970435118786
6.68211446534532,24.4509286829051,0.210162828184269,0.203541162309584,0.53921568627451,0.0029433254650294
10.5317263437204,18.0945526436895,0.204957661705305,0.196839138644774,0.509803921568627,0.0032562500677128
10.1976542279554,11.3005364414256,0.186422786050369,0.177807008217447,0.46078431372549,0.0037640176976943
6.88062102303463,39.6011345259544,0.235219688007513,0.209096472749145,0.401960784313726,0.00361193918031
10.4674009230615,15.7649192900379,0.204094633068566,0.187312601373904,0.509803921568627,0.00448003840756805
10.013718939363,24.2318655500479,0.204656630026666,0.197745243206099,0.53921568627451,0.00203258383938565
4.56290185397994,34.2571347192686,0.238984257128678,0.240197101921571,0.401960784313726,0.00364962548287806
2.14413986532196,31.021844675566,0.232943485139879,0.229319844542974,0.333333333333333,0.00327185944239683
7.98587037037939,32.7778928458043,0.233345765497723,0.221810377870669,0.568627450980392,0.0039820974934216
14.0588803223889,6.56100017559614,0.202418416315126,0.188286079914142,0.950980392156863,0.00309207665130273
12.5029683562151,5.46667225039241,0.205319205024135,0.195228512579074,0.725490196078431,0.00303844906196016
15.2025573532724,47.4470132061908,0.213236424980941,0.203865728882422,0.745098039215686,0.00308331962235586
8.56104591202326,42.3788021608801,0.228998506940266,0.214282672479363,0.617647058823529,0.0035544848889526
9.87217434927937,33.7842667801189,0.225930478796295,0.2110023257091,0.568627450980392,0.00360181879546617
2.65118673565645,40.2460672535488,0.238414479437337,0.241675614309974,0.401960784313726,0.00318755990569353
14.6029042035075,8.39235626426059,0.209726547021389,0.197973197687773,0.529411764705882,0.00251250162667849
14.3178788467625,5.36102101841328,0.205509674231447,0.198583029606477,0.950980392156863,0.00380794386705485
13.4109980579863,42.4066702491824,0.221644961779308,0.216834415794816,0.745098039215686,0.00319006831763857
13.9010557542865,3.53507723453644,0.20292363763618,0.193110751207989,0.950980392156863,0.00298241374627639
9.68013659283835,21.568345735038,0.206091757823872,0.196167424914901,0.46078431372549,0.00330330399274181
8.75160604265584,41.9139134041575,0.232543041512072,0.213590985641713,0.617647058823529,0.00457399302186434
3.84790741716574,28.8810857739292,0.224421900151174,0.221986360699244,0.431372549019608,0.00332136244834735
7.77335806116983,34.6205520313335,0.211463936121581,0.199314350083582,0.568627450980392,0.0055937067159082
7.92370461697599,22.7910178023102,0.203740937390292,0.192118440812181,0.46078431372549,0.00358683571796214
11.7471898857217,16.5611034878592,0.202238812375301,0.189477780355809,0.607843137254902,0.00295020732598339
4.36903112508508,25.0326498174209,0.226480697860798,0.208161079594939,0.509803921568627,0.00541681965402896
6.06472073521638,30.0128281882426,0.228169551693238,0.219018693407521,0.401960784313726,0.00348749981026786
17.9499047421983,4.81638943666558,0.221078492933678,0.208193911412501,1,0.00279930648314508
17.6465251957847,10.3925398452145,0.206652292804066,0.200445893848277,0.529411764705882,0.00330447930580569
3.72771726129258,48.010201162407,0.221575769464014,0.223234121247262,0.0980392156862745,0.00263635500679316
4.30507283238903,42.3826062553216,0.222623871422024,0.20467887288571,0.401960784313726,0.00392519773065314
7.54277275269908,25.9241121475347,0.216554772056708,0.206575395125638,0.509803921568627,0.00198066600465208
15.8333295205184,8.56482995766008,0.212257632818767,0.203395684497165,0.529411764705882,0.00254254766840278
9.35191969417374,23.9307658073271,0.219137369787588,0.215479401851742,0.53921568627451,0.00236770676824227
3.62478579592702,42.4768355243504,0.239424766088325,0.229389287758219,0.401960784313726,0.0039726567890207
4.88290499165779,26.9066545612854,0.250348038133768,0.23193245095344,0.549019607843137,0.00483906957448632
2.36734208139028,31.3504900820271,0.237419138845224,0.217573213244123,0.333333333333333,0.00503800444475577
6.24723037888243,42.1948301039291,0.230374401286849,0.226875188187827,0.401960784313726,0.00289518478076023
20.2334965361356,9.61959262250373,0.220344779404039,0.210695404580564,0.529411764705882,0.00450890508224244
13.6683907657703,9.33890920349729,0.199556777960382,0.196917093332517,0.529411764705882,0.00323527068823437
15.2254022476426,5.83431075770972,0.204549262279508,0.195974422194669,0.950980392156863,0.00197034747584213
9.91061308649421,14.0244070508392,0.200079198628153,0.204553047938243,0.441176470588235,0.00374284602052255
11.7735500907057,8.28948192862534,0.212670143160293,0.207062767960584,0.529411764705882,0.00235534242696367
6.74572539255158,46.85619710923,0.223437651837125,0.210029161361855,0.264705882352941,0.00354880989685202
8.21989541106285,47.2606727411998,0.209227934666208,0.19152519250024,0.784313725490196,0.00345619586480739
4.73289256063442,42.1923983425743,0.255626808493322,0.245802288953447,0.401960784313726,0.00517093846576289
7.97742816591472,42.3720404051986,0.228027667704062,0.216201462870126,0.617647058823529,0.00293604683064086
4.90328657858385,43.2978844640723,0.206647665219851,0.210724424550797,0.401960784313726,0.00595574104973307
11.173988661914,18.9598507217626,0.214916047908563,0.20772677263626,0.509803921568627,0.0038688039941891
3.77623469284453,44.1344396769902,0.24410730100764,0.228883002286016,0.0980392156862745,0.00450705742777502
10.6621643287482,31.926348387177,0.249683707973659,0.231306243098478,0.549019607843137,0.00418105756688003
7.48400713929656,48.1437550583376,0.196766388036542,0.190202241565471,0.392156862745098,0.00254343659522838
2.02701713556926,44.3968566478031,0.227466130532895,0.22608724303372,0.0294117647058824,0.00396683045185431
9.22995595143078,27.597818217865,0.204678834682697,0.192408821844242,0.509803921568627,0.00311644820123858
13.9864257522091,7.64400680323096,0.194104376570345,0.183810747444793,0.529411764705882,0.00245299219579365
13.1114193637194,8.55552931199666,0.194498152904095,0.190116427502791,0.529411764705882,0.00285451699887673
4.87334947788306,40.3649333941032,0.220308846088067,0.19970705420612,0.401960784313726,0.00622566241981459
12.1165189978657,1.17468159692166,0.216682939957431,0.217300406813359,1,0.00347388505227175
9.9556167241629,38.4637203295301,0.217378423164287,0.209661056836987,0.745098039215686,0.00272605224221689
12.5670338133002,15.3757238049376,0.200720810894562,0.208476022686965,0.411764705882353,0.00248649051269656
14.5253191636011,7.48173987797126,0.183859957531101,0.170600747638279,0.529411764705882,0.00444234872456806
3.6631917421088,44.4702877675494,0.202340782600694,0.209395294239136,0.0980392156862745,0.00269016979975956
8.02756706364792,15.4767900595758,0.210607561545379,0.19857854566209,0.117647058823529,0.00339616599521464
7.17554870835356,48.1469870805301,0.217954920250866,0.204678797843765,0.392156862745098,0.00294612825073726
4.78419040301502,49.611735700108,0.209752616874712,0.196549190687599,0.264705882352941,0.00402710427822905
6.15939938103874,50.9144412119719,0.204257812631353,0.200253298780984,0.392156862745098,0.00242600774770119
9.82696814048116,37.0316752086453,0.219187926863364,0.201304193660882,0.745098039215686,0.00234727201799179
13.3013483935029,8.37521654588266,0.20495055716746,0.202793628761258,0.529411764705882,0.00291254714775246
0.967154406784281,30.4428094642741,0.237618037825507,0.233038106807761,0.333333333333333,0.00432920912908263
15.6694742138274,3.28150417455498,0.19734206031066,0.199541888045989,1,0.00260837326807983
5.16401403871413,31.4947697475534,0.242965101973763,0.235325292577446,0.431372549019608,0.00479129046848392
15.4036243188285,5.23616965101281,0.224889885427682,0.212589453744976,0.686274509803922,0.00383860943688352
17.1317994982245,3.36169168388742,0.209595675194962,0.207912239519364,1,0.00335235578008841
2.79316404855654,46.7756414404431,0.216054024961638,0.203097701045669,0.0980392156862745,0.00461970404574052
14.5268741097015,44.8288762196924,0.182635655313685,0.181223368879058,0.745098039215686,0.00224364513950459
3.89401685716111,41.9740646139896,0.238496116454631,0.228084577461074,0.401960784313726,0.00386797444587395
3.73357662904038,40.1431793274705,0.232158336056554,0.21334730392723,0.401960784313726,0.00441012385295636
14.9781597747537,45.6859289354227,0.213869457069551,0.214437721733857,0.745098039215686,0.00391544327658477
16.0408142962689,16.2848835682308,0.229201464778709,0.218262064628455,0.529411764705882,0.00342999378354403
5.80888090183496,28.3571385705195,0.226448031308982,0.209123232083125,0.549019607843137,0.00374800748786086
1.13782598510792,37.9904975305956,0.218130264461009,0.197418609853446,0.352941176470588,0.00387864495762624
8.95629220993818,37.8350590924529,0.23173675720587,0.197557816398882,0.617647058823529,0.00388230579292292
3.86732835187803,48.5513197900625,0.215976606542449,0.201124587862436,0.0980392156862745,0.00339249254016927
5.36753941283055,30.2095483539994,0.243694249126612,0.238962050116221,0.401960784313726,0.00560368493119157
11.2980212023711,7.68405728902034,0.214548194746401,0.204375586448026,0.529411764705882,0.00317997780074308
1.47023678754802,38.1410102573142,0.216416173362826,0.206692657552842,0.382352941176471,0.00406812543493373
9.85302355275946,18.460408539583,0.201320555047352,0.190763294103625,0.509803921568627,0.00320155392178989
3.60390293716036,44.8171301876849,0.227385838478737,0.229846876180419,0.0980392156862745,0.00328000817374707
4.95470460962043,42.834946424303,0.199020500011654,0.192799038881822,0.401960784313726,0.00465254873889565
10.054200457747,9.83172810778525,0.192475767673132,0.196926573697422,0.46078431372549,0.00371375144965513
7.72170794989193,22.9745176582205,0.211187678576665,0.213083046306865,0.509803921568627,0.00324362250476862
13.7504447591392,1.83787472405275,0.211481126526183,0.207475532950748,1,0.00423232158065256
11.8202037548056,17.3643982984763,0.191566156551432,0.175071433929414,0.509803921568627,0.00304399015838241
6.1145823474938,22.756533343568,0.226892927230893,0.213185727130904,0.509803921568627,0.00351147675907215
14.0638008111171,8.89042907161709,0.213776514732071,0.19475769797711,0.529411764705882,0.00333910051615538
3.95933659823013,47.4819835404683,0.221643941160297,0.219733340765393,0.0980392156862745,0.00196536652259516
10.9297056967601,41.547368899033,0.220238245330068,0.209454155986013,0.745098039215686,0.00364744977127196
11.0995156836374,9.13473723310896,0.222105585859025,0.202675018882188,0.529411764705882,0.00368549818785413
10.8966870190135,13.8837435048551,0.175352330977708,0.174742185323874,0.441176470588235,0.00195071424417348
7.37469292731627,19.9970731795735,0.220064420347711,0.211576251254096,0.46078431372549,0.00305258609939285
2.40383674798124,28.7644617491874,0.224647286394665,0.225819260247294,0.333333333333333,0.00389604113995312
9.08305242001286,31.3941518578904,0.27335061581687,0.273889784283622,0.549019607843137,0.00404115858634735
9.2586296530038,19.6962486480246,0.217302538828786,0.202160387431413,0.46078431372549,0.00554130951335052
8.58027139945387,20.8845090985132,0.210596763979546,0.193197538769529,0.46078431372549,0.00418514663898051
10.5363633483874,12.2939425796496,0.218941505515048,0.220189582914875,0.46078431372549,0.00217104623513587
14.4683855950175,10.5811189239265,0.216177696972594,0.20153334541075,0.5,0.00457723755498729
1.36764211210303,39.2453909419731,0.234374619405624,0.202783386000968,0.352941176470588,0.0046503458595295
5.46362375208027,48.6750370775618,0.212905985880531,0.206587290962301,0.264705882352941,0.00380102276501837
7.72590412296176,36.4294372518541,0.21370776444315,0.191799724936691,0.617647058823529,0.00293597718516403
4.89387527166082,25.0255046694627,0.200035026178267,0.199495913036261,0.509803921568627,0.00193476221649147
2.6818960645883,31.9650456509903,0.22660801172098,0.232612469498772,0.333333333333333,0.00415418778910503
1.61694084308898,30.4217463148805,0.2322992657853,0.217184587860339,0.333333333333333,0.00519627852400839
11.687081316833,11.1400750575479,0.184007987805785,0.183948960146299,0.5,0.00238643155034446
6.61695530431014,25.0049221122109,0.207854150853778,0.209968585041489,0.53921568627451,0.00329618814814037
3.33277982330789,42.2021484254663,0.234896536412627,0.231937304347234,0.401960784313726,0.00335369275817909
2.54303343964655,43.9315977046588,0.216771125012762,0.215316790676405,0.382352941176471,0.00380410020354938
11.0867631331731,13.7705781604588,0.213516894373613,0.194078444998856,0.441176470588235,0.00455296311239772
0.744784337196751,30.3192899051831,0.229833470417491,0.217510159806559,0.333333333333333,0.00459300874807755
12.7494713417352,12.0763025248097,0.219579378755019,0.201147127764713,0.5,0.00473716714856653
18.7167751470195,6.06615640655501,0.197994091712909,0.182049004403927,0.529411764705882,0.00327042585363424
2.33544470683051,33.7356896219362,0.251107269291438,0.241567241531966,0.42156862745098,0.00477060708493937
5.4382468220069,45.4500902671989,0.217336416371676,0.217689946026103,0.0490196078431373,0.00335740609662727
16.7478183492035,2.29158975362285,0.227783189774653,0.223073247185,1,0.00422242197594458
3.75858152631083,39.1580912006004,0.199071686328367,0.196669564715373,0.401960784313726,0.00341526780138079
13.5992414083228,7.36499440357395,0.2203126614032,0.205040441073262,0.529411764705882,0.00369606520457666
11.9248992759186,15.6870857363504,0.209080324691224,0.199720404522761,0.411764705882353,0.00295253647987925
4.50423551169175,25.2583421938197,0.216424316119729,0.208288811655778,0.509803921568627,0.00294407216337556
14.8275176988146,8.1106689278875,0.20776113491446,0.199405914742178,0.529411764705882,0.00355081224287579
7.28830005627837,20.7987063613875,0.223294955637162,0.195673506651102,0.46078431372549,0.00594585629041233
12.8835274162316,15.4050226089424,0.211557531974069,0.212139340395192,0.529411764705882,0.00327008799794515
15.1922888626737,3.32302272649011,0.189413567767088,0.174155992879488,1,0.00270969829459655
10.6401845631709,9.33965842507454,0.191740819283764,0.176673548890652,0.46078431372549,0.00285108560863523
